time_s,rms,peak
0.0,0.0,0.0
0.02,0.0,0.0
0.04,0.0,0.0
0.06,0.0,0.0
0.08,0.0,0.0
0.1,0.0,0.0
0.12,0.0,0.0
0.14,0.0,0.0
0.16,0.0,0.0
0.18,0.0,0.0
0.2,0.0,0.0
0.22,0.0,0.0
0.24,0.0,0.0
0.26,0.0,0.0
0.28,0.0,0.0
0.3,0.0,0.0
0.32,0.0,0.0
0.34,0.0003103121,0.0045166015625
0.36,0.1394002,0.7520751953125
0.38,0.21580857,0.7520751953125
0.4,0.22368418,0.715911865234375
0.42,0.1493566,0.715911865234375
0.44,0.052932076,0.316314697265625
0.46,0.11385297,0.70233154296875
0.48,0.14578128,0.70233154296875
0.5,0.14634137,0.544464111328125
0.52,0.121708535,0.46527099609375
0.54,0.11868735,0.46527099609375
0.56,0.09472377,0.313873291015625
0.58,0.07806518,0.285430908203125
0.6,0.07191141,0.285430908203125
0.62,0.060695764,0.285430908203125
0.64,0.05053871,0.1663818359375
0.66,0.04329087,0.15350341796875
0.68,0.034650825,0.107208251953125
0.7,0.034617588,0.0999755859375
0.72,0.033435907,0.101531982421875
0.74,0.03217929,0.101531982421875
0.76,0.027952777,0.09716796875
0.78,0.030123731,0.09716796875
0.8,0.027264036,0.0743408203125
0.82,0.02467961,0.066558837890625
0.84,0.022945665,0.0631103515625
0.86,0.023871426,0.061431884765625
0.88,0.024006337,0.05889892578125
0.9,0.021846127,0.057952880859375
0.92,0.02290928,0.05950927734375
0.94,0.02443608,0.05950927734375
0.96,0.023588879,0.055816650390625
0.98,0.02066453,0.054931640625
1.0,0.019497007,0.054931640625
1.02,0.020124199,0.054931640625
1.04,0.018427612,0.046722412109375
1.06,0.017129067,0.041717529296875
1.08,0.017024612,0.041717529296875
1.1,0.01799141,0.041717529296875
1.12,0.017470084,0.041229248046875
1.14,0.016731428,0.043365478515625
1.16,0.016020197,0.043365478515625
1.18,0.015713619,0.04296875
1.2,0.016493477,0.04388427734375
1.22,0.015878174,0.044708251953125
1.24,0.014763421,0.044708251953125
1.26,0.014397341,0.040618896484375
1.28,0.013874626,0.038543701171875
1.3,0.0143036675,0.038543701171875
1.32,0.01374521,0.03570556640625
1.34,0.035903662,0.260955810546875
1.36,0.08090726,0.358184814453125
1.38,0.10095877,0.378509521484375
1.4,0.08199582,0.378509521484375
1.42,0.05549288,0.2606201171875
1.44,0.027373191,0.1805419921875
1.46,0.06329744,0.322357177734375
1.48,0.087218985,0.322357177734375
1.5,0.08548011,0.29473876953125
1.52,0.0714511,0.2374267578125
1.54,0.06328944,0.22637939453125
1.56,0.057442725,0.1859130859375
1.58,0.052580804,0.1859130859375
1.6,0.041066773,0.167083740234375
1.62,0.10412643,0.512939453125
1.64,0.13787453,0.53460693359375
1.66,0.118061505,0.53460693359375
1.68,0.06727121,0.351318359375
1.7,0.02020455,0.091796875
1.72,0.08013909,0.385467529296875
1.74,0.12864289,0.469390869140625
1.76,0.12897414,0.469390869140625
1.78,0.10381444,0.3828125
1.8,0.08754469,0.3111572265625
1.82,0.08028627,0.26434326171875
1.84,0.07480388,0.281585693359375
1.86,0.06648001,0.281585693359375
1.88,0.06792847,0.379364013671875
1.9,0.11369189,0.55078125
1.92,0.11602137,0.55078125
1.94,0.057874985,0.209686279296875
1.96,0.04512763,0.13958740234375
1.98,0.034598783,0.13958740234375
2.0,0.08101517,0.4122314453125
2.02,0.11575329,0.42950439453125
2.04,0.11666156,0.42950439453125
2.06,0.096268035,0.312408447265625
2.08,0.085146874,0.27301025390625
2.1,0.073477246,0.246612548828125
2.12,0.067029014,0.242401123046875
2.14,0.06231272,0.2186279296875
2.16,0.06088084,0.216522216796875
2.18,0.056044158,0.188934326171875
2.2,0.050080746,0.156524658203125
2.22,0.046140753,0.156524658203125
2.24,0.042925604,0.143798828125
2.26,0.14089717,0.551483154296875
2.28,0.18106493,0.610107421875
2.3,0.17142245,0.610107421875
2.32,0.1330681,0.467559814453125
2.34,0.10808681,0.413909912109375
2.36,0.09002592,0.27520751953125
2.38,0.07968316,0.258697509765625
2.4,0.06909811,0.254852294921875
2.42,0.06331884,0.21746826171875
2.44,0.09845648,0.481048583984375
2.46,0.11175535,0.481048583984375
2.48,0.09880745,0.313385009765625
2.5,0.07225249,0.313385009765625
2.52,0.027459117,0.181854248046875
2.54,0.06322018,0.438812255859375
2.56,0.109119706,0.438812255859375
2.58,0.13782799,0.5379638671875
2.6,0.10895051,0.5379638671875
2.62,0.08575238,0.36431884765625
2.64,0.070925675,0.232269287109375
2.66,0.06468665,0.232269287109375
2.68,0.05258291,0.22735595703125
2.7,0.0789181,0.565216064453125
2.72,0.11503573,0.565216064453125
2.74,0.12541397,0.565216064453125
2.76,0.064675964,0.28338623046875
2.78,0.02974004,0.144073486328125
2.8,0.09231771,0.5611572265625
2.82,0.14070152,0.584503173828125
2.84,0.13511148,0.584503173828125
2.86,0.11621627,0.386077880859375
2.88,0.11076365,0.386077880859375
2.9,0.09603012,0.361083984375
2.92,0.07496706,0.2752685546875
2.94,0.06287874,0.212432861328125
2.96,0.05387563,0.177734375
2.98,0.11061248,0.557098388671875
3.0,0.115074635,0.557098388671875
3.02,0.068263195,0.303741455078125
3.04,0.04331387,0.138153076171875
3.06,0.034173083,0.138153076171875
3.08,0.046631906,0.36614990234375
3.1,0.10382674,0.585174560546875
3.12,0.13133527,0.585174560546875
3.14,0.108154565,0.368621826171875
3.16,0.09678391,0.368621826171875
3.18,0.073613845,0.269561767578125
3.2,0.06265733,0.269561767578125
3.22,0.053922486,0.1815185546875
3.24,0.09851125,0.654144287109375
3.26,0.12526521,0.654144287109375
3.28,0.12541059,0.654144287109375
3.3,0.050575785,0.22821044921875
3.32,0.039341733,0.115478515625
3.34,0.13664429,0.70245361328125
3.36,0.20060165,0.70245361328125
3.38,0.21512726,0.70245361328125
3.4,0.14335588,0.63995361328125
3.42,0.11784587,0.350433349609375
3.44,0.10462616,0.31890869140625
3.46,0.0859812,0.283660888671875
3.48,0.067837425,0.283660888671875
3.5,0.05699578,0.177734375
3.52,0.051680118,0.142852783203125
3.54,0.047195803,0.13470458984375
3.56,0.04284643,0.13470458984375
3.58,0.030808285,0.1160888671875
3.6,0.012552198,0.057403564453125
3.62,0.1691781,0.896148681640625
3.64,0.2084903,0.896148681640625
3.66,0.22151281,0.896148681640625
3.68,0.14530766,0.58282470703125
3.7,0.13982807,0.58282470703125
3.72,0.1186583,0.41357421875
3.74,0.09298498,0.315673828125
3.76,0.075189516,0.315673828125
3.78,0.06591915,0.212158203125
3.8,0.05750394,0.189453125
3.82,0.04986215,0.189453125
3.84,0.042268116,0.135833740234375
3.86,0.03944991,0.135833740234375
3.88,0.04855163,0.332275390625
3.9,0.0750948,0.332275390625
3.92,0.07527665,0.332275390625
3.94,0.035516817,0.235565185546875
3.96,0.01729029,0.05999755859375
3.98,0.010808086,0.0372314453125
4.0,0.007415417,0.02435302734375
4.02,0.0053600576,0.022125244140625
4.04,0.086456984,0.565155029296875
4.06,0.12913375,0.565155029296875
4.08,0.13152806,0.565155029296875
4.1,0.07896139,0.33880615234375
4.12,0.041297175,0.17822265625
4.14,0.027356112,0.097930908203125
4.16,0.094111264,0.653961181640625
4.18,0.1485885,0.653961181640625
4.2,0.16271664,0.653961181640625
4.22,0.11664197,0.483551025390625
4.24,0.10066094,0.399749755859375
4.26,0.08843915,0.29022216796875
4.28,0.07594972,0.267578125
4.3,0.061336897,0.20452880859375
4.32,0.054306034,0.256011962890625
4.34,0.050064597,0.256011962890625
4.36,0.04235466,0.1785888671875
4.38,0.026005045,0.088531494140625
4.4,0.014540464,0.088531494140625
4.42,0.010062941,0.090087890625
4.44,0.099828094,0.4583740234375
4.46,0.12338852,0.542633056640625
4.48,0.105558135,0.542633056640625
4.5,0.08418181,0.301483154296875
4.52,0.07195756,0.301483154296875
4.54,0.059632342,0.222900390625
4.56,0.049890254,0.16510009765625
4.58,0.039781585,0.12933349609375
4.6,0.03720907,0.139007568359375
4.62,0.039238334,0.184478759765625
4.64,0.032047704,0.184478759765625
4.66,0.013611278,0.085418701171875
4.68,0.008003599,0.030548095703125
4.7,0.020745557,0.239288330078125
4.72,0.16674846,0.8739013671875
4.74,0.19546197,0.8739013671875
4.76,0.14508696,0.507598876953125
4.78,0.13118929,0.507598876953125
4.8,0.11206023,0.3907470703125
4.82,0.09480983,0.3592529296875
4.84,0.08743066,0.3592529296875
4.86,0.07264789,0.2540283203125
4.88,0.07142124,0.235870361328125
4.9,0.05486569,0.205413818359375
4.92,0.0292239,0.181793212890625
4.94,0.014201402,0.062408447265625
4.96,0.011788981,0.036712646484375
4.98,0.048965853,0.239959716796875
5.0,0.05914885,0.239959716796875
5.02,0.04402072,0.215087890625
5.04,0.0211551,0.1790771484375
5.06,0.010227161,0.0374755859375
5.08,0.0069566197,0.0216064453125
5.1,0.0056200284,0.01983642578125
5.12,0.004548419,0.01446533203125
5.14,0.050941817,0.27947998046875
5.16,0.05622877,0.27947998046875
5.18,0.036291182,0.187408447265625
5.2,0.009878282,0.03424072265625
5.22,0.0069477204,0.027069091796875
5.24,0.04285309,0.4287109375
5.26,0.13937926,0.77978515625
5.28,0.15888591,0.77978515625
5.3,0.12694202,0.6151123046875
5.32,0.105242945,0.36639404296875
5.34,0.09319916,0.36639404296875
5.36,0.07850745,0.28216552734375
5.38,0.06349699,0.243316650390625
5.4,0.07377841,0.363739013671875
5.42,0.088384725,0.363739013671875
5.44,0.09211494,0.363739013671875
5.46,0.06022591,0.202911376953125
5.48,0.044625096,0.125335693359375
5.5,0.037308127,0.114501953125
5.52,0.09948343,0.470245361328125
5.54,0.110111795,0.470245361328125
5.56,0.0837311,0.330474853515625
5.58,0.042806245,0.14837646484375
5.6,0.036427576,0.130096435546875
5.62,0.02767995,0.100341796875
5.64,0.019262547,0.069122314453125
5.66,0.01294559,0.069122314453125
5.68,0.026272304,0.181243896484375
5.7,0.10094469,0.587127685546875
5.72,0.12526864,0.587127685546875
5.74,0.10676459,0.364166259765625
5.76,0.10215363,0.364166259765625
5.78,0.08587341,0.298919677734375
5.8,0.14559346,0.726806640625
5.82,0.13854136,0.726806640625
5.84,0.09095961,0.726806640625
5.86,0.033806957,0.13653564453125
5.88,0.033487897,0.13653564453125
5.9,0.02977576,0.1126708984375
5.92,0.022695715,0.09521484375
5.94,0.016138243,0.071136474609375
5.96,0.01098627,0.0478515625
5.98,0.009884838,0.0478515625
6.0,0.005925428,0.030181884765625
6.02,0.0043665036,0.0157470703125
6.04,0.0036613217,0.01214599609375
6.06,0.03543867,0.195404052734375
6.08,0.11852512,0.607635498046875
6.1,0.14163654,0.607635498046875
6.12,0.13210215,0.493255615234375
6.14,0.12546837,0.493255615234375
6.16,0.101847395,0.361480712890625
6.18,0.082545474,0.3062744140625
6.2,0.06825906,0.2149658203125
6.22,0.06977763,0.28192138671875
6.24,0.062580116,0.28192138671875
6.26,0.042899363,0.21484375
6.28,0.016918585,0.092803955078125
6.3,0.01336612,0.048126220703125
6.32,0.011167482,0.03436279296875
6.34,0.10106441,0.72296142578125
6.36,0.11211554,0.72296142578125
6.38,0.06806842,0.27117919921875
6.4,0.050565444,0.1668701171875
6.42,0.044554286,0.1668701171875
6.44,0.03827913,0.137908935546875
6.46,0.028354874,0.10662841796875
6.48,0.020731883,0.19097900390625
6.5,0.03046732,0.19097900390625
6.52,0.03048501,0.19097900390625
6.54,0.01666679,0.160614013671875
6.56,0.0024530164,0.01043701171875
6.58,0.001644783,0.006866455078125
6.6,0.05559966,0.318817138671875
6.62,0.12569092,0.665863037109375
6.64,0.14508152,0.665863037109375
6.66,0.12959923,0.521636962890625
6.68,0.11226065,0.397125244140625
6.7,0.09708316,0.359466552734375
6.72,0.078281805,0.310943603515625
6.74,0.0679046,0.261260986328125
6.76,0.0609962,0.178802490234375
6.78,0.052246183,0.172882080078125
6.8,0.041215863,0.1876220703125
6.82,0.028056866,0.1876220703125
6.84,0.009802086,0.034210205078125
6.86,0.007917094,0.023040771484375
6.88,0.066331305,0.653350830078125
6.9,0.14711504,0.744903564453125
6.92,0.15189178,0.744903564453125
6.94,0.100125544,0.372833251953125
6.96,0.09976704,0.372833251953125
6.98,0.088312544,0.324462890625
7.0,0.07403849,0.2374267578125
7.02,0.059510995,0.211944580078125
7.04,0.053738263,0.158905029296875
7.06,0.052803785,0.158233642578125
7.08,0.045491483,0.158233642578125
7.1,0.035014883,0.11053466796875
7.12,0.03337812,0.10308837890625
7.14,0.03490236,0.1932373046875
7.16,0.05298672,0.23760986328125
7.18,0.058259934,0.23760986328125
7.2,0.04083631,0.180633544921875
7.22,0.02842842,0.1175537109375
7.24,0.02584081,0.07220458984375
7.26,0.024891337,0.07220458984375
7.28,0.022299431,0.065155029296875
7.3,0.041740015,0.25933837890625
7.32,0.058312327,0.25933837890625
7.34,0.05874078,0.25933837890625
7.36,0.022594454,0.153717041015625
7.38,0.009764901,0.032806396484375
7.4,0.0069868043,0.032806396484375
7.42,0.095270954,0.745758056640625
7.44,0.15606198,0.745758056640625
7.46,0.1646039,0.745758056640625
7.48,0.12256351,0.39910888671875
7.5,0.10863458,0.336517333984375
7.52,0.095473625,0.3211669921875
7.54,0.0827686,0.30157470703125
7.56,0.068150066,0.24859619140625
7.58,0.07553723,0.374359130859375
7.6,0.07760293,0.374359130859375
7.62,0.05813859,0.232574462890625
7.64,0.039247897,0.120941162109375
7.66,0.035150554,0.108154296875
7.68,0.031102225,0.0872802734375
7.7,0.07197331,0.32330322265625
7.72,0.075377055,0.32330322265625
7.74,0.049813155,0.264862060546875
7.76,0.030623673,0.127960205078125
7.78,0.020953655,0.0794677734375
7.8,0.015204982,0.053466796875
7.82,0.011350951,0.04345703125
7.84,0.008067724,0.04571533203125
7.86,0.07971145,0.605926513671875
7.88,0.12137705,0.605926513671875
7.9,0.13847518,0.605926513671875
7.92,0.103224754,0.331298828125
7.94,0.09820955,0.331298828125
7.96,0.0915797,0.57012939453125
7.98,0.12493781,0.702056884765625
8.0,0.121732004,0.702056884765625
8.02,0.061206583,0.221405029296875
8.04,0.053093776,0.221405029296875
8.06,0.042063013,0.179840087890625
8.08,0.034971327,0.120269775390625
8.1,0.025592083,0.1015625
8.12,0.018862009,0.06646728515625
8.14,0.09194981,0.427581787109375
8.16,0.12185842,0.4365234375
8.18,0.10227308,0.4365234375
8.2,0.06727655,0.296600341796875
8.22,0.017668245,0.0771484375
8.24,0.07701271,0.42132568359375
8.26,0.13578428,0.53143310546875
8.28,0.142855,0.53143310546875
8.3,0.1175919,0.414459228515625
8.32,0.10396932,0.39727783203125
8.34,0.08343991,0.280975341796875
8.36,0.06859998,0.217315673828125
8.38,0.062350113,0.217315673828125
8.4,0.08631586,0.38330078125
8.42,0.08943793,0.38330078125
8.44,0.06336553,0.253692626953125
8.46,0.044132512,0.148956298828125
8.48,0.03836305,0.12945556640625
8.5,0.06662305,0.635101318359375
8.52,0.14068782,0.6810302734375
8.54,0.1589658,0.6810302734375
8.56,0.12402736,0.48419189453125
8.58,0.10421925,0.312042236328125
8.6,0.0977594,0.312042236328125
8.62,0.08567931,0.26617431640625
8.64,0.07010382,0.221588134765625
8.66,0.061454378,0.331634521484375
8.68,0.057086043,0.331634521484375
8.7,0.04491819,0.187469482421875
8.72,0.018790392,0.114044189453125
8.74,0.009900392,0.03228759765625
8.76,0.00802878,0.030487060546875
8.78,0.086067766,0.456634521484375
8.8,0.13709706,0.485321044921875
8.82,0.13851136,0.485321044921875
8.84,0.11304187,0.381500244140625
8.86,0.09898128,0.34710693359375
8.88,0.08308324,0.340972900390625
8.9,0.06965551,0.213531494140625
8.92,0.056938734,0.20709228515625
8.94,0.049775485,0.156005859375
8.96,0.051650207,0.2020263671875
8.98,0.042437214,0.2020263671875
9.0,0.019425673,0.09588623046875
9.02,0.011276524,0.040069580078125
9.04,0.016098268,0.262451171875
9.06,0.13867702,0.765045166015625
9.08,0.15839614,0.765045166015625
9.1,0.14532028,0.639801025390625
9.12,0.115330525,0.4420166015625
9.14,0.09918825,0.411773681640625
9.16,0.08159952,0.267181396484375
9.18,0.067381956,0.267181396484375
9.2,0.054731406,0.1929931640625
9.22,0.05123746,0.183258056640625
9.24,0.042027712,0.183258056640625
9.26,0.02408615,0.13690185546875
9.28,0.00952586,0.034423828125
9.3,0.0076447437,0.023956298828125
9.32,0.0436841,0.240875244140625
9.34,0.058500353,0.240875244140625
9.36,0.04892447,0.2252197265625
9.38,0.025961893,0.202880859375
9.4,0.00986132,0.03643798828125
9.42,0.0059279143,0.02227783203125
9.44,0.0039514247,0.014190673828125
9.46,0.0380492,0.405731201171875
9.48,0.14381577,0.768951416015625
9.5,0.17892353,0.768951416015625
9.52,0.1494924,0.56732177734375
9.54,0.13488255,0.494110107421875
9.56,0.11350255,0.44122314453125
9.58,0.09426993,0.3499755859375
9.6,0.13432963,0.697296142578125
9.62,0.13644812,0.697296142578125
9.64,0.08973724,0.275238037109375
9.66,0.07533151,0.24444580078125
9.68,0.06800185,0.24444580078125
9.7,0.060520083,0.219512939453125
9.72,0.049517628,0.160400390625
9.74,0.04527205,0.315673828125
9.76,0.085135244,0.3785400390625
9.78,0.09389999,0.3785400390625
9.8,0.06334219,0.26934814453125
9.82,0.03630086,0.11712646484375
9.84,0.026135981,0.0758056640625
9.86,0.08054447,0.43524169921875
9.88,0.10467975,0.43524169921875
9.9,0.10514286,0.43524169921875
9.92,0.04357235,0.178436279296875
9.94,0.032855626,0.1236572265625
9.96,0.02485154,0.081787109375
9.98,0.019581081,0.0648193359375
10.0,0.0133594945,0.062225341796875
10.02,0.07070857,0.56475830078125
10.04,0.108100235,0.56475830078125
10.06,0.12850723,0.56475830078125
10.08,0.109139286,0.3831787109375
10.1,0.0967683,0.319976806640625
10.12,0.07867151,0.290557861328125
10.14,0.12923667,0.68341064453125
10.16,0.12349184,0.68341064453125
10.18,0.1054321,0.68341064453125
10.2,0.033779696,0.122833251953125
10.22,0.033293385,0.1026611328125
10.24,0.030127995,0.103271484375
10.26,0.025012879,0.103271484375
10.28,0.1335221,0.765228271484375
10.3,0.1942432,0.765228271484375
10.32,0.19370146,0.751617431640625
10.34,0.13362083,0.67620849609375
10.36,0.07870299,0.322357177734375
10.38,0.047364775,0.212066650390625
10.4,0.03409289,0.209381103515625
10.42,0.05007962,0.209381103515625
10.44,0.05015404,0.209381103515625
10.46,0.023927087,0.1484375
10.48,0.014184272,0.056915283203125
10.5,0.011269417,0.047576904296875
10.52,0.009817538,0.035858154296875
10.54,0.008822888,0.029571533203125
10.56,0.03428177,0.25750732421875
10.58,0.04840533,0.25750732421875
10.6,0.047441788,0.2386474609375
10.62,0.016446654,0.084503173828125
10.64,0.007838036,0.02716064453125
10.66,0.023916928,0.194000244140625
10.68,0.110323824,0.644317626953125
10.7,0.1412192,0.644317626953125
10.72,0.13440666,0.3724365234375
10.74,0.124335736,0.3724365234375
10.76,0.12459505,0.343780517578125
10.78,0.11355165,0.3240966796875
10.8,0.09871868,0.291412353515625
10.82,0.07839363,0.2760009765625
10.84,0.06807057,0.2850341796875
10.86,0.079795875,0.2850341796875
10.88,0.10149739,0.2850341796875
10.9,0.107833356,0.289154052734375
10.92,0.11295132,0.29632568359375
10.94,0.11254965,0.29986572265625
10.96,0.14604737,0.49761962890625
10.98,0.16374102,0.533721923828125
11.0,0.14407252,0.533721923828125
11.02,0.119025566,0.533721923828125
11.04,0.10477482,0.287872314453125
11.06,0.093764655,0.247344970703125
11.08,0.08842427,0.25054931640625
11.1,0.088593446,0.2562255859375
11.12,0.09807569,0.358734130859375
11.14,0.11199919,0.358734130859375
11.16,0.11608156,0.314056396484375
11.18,0.111887425,0.3126220703125
11.2,0.10936514,0.309234619140625
11.22,0.11790513,0.60736083984375
11.24,0.15841472,0.76617431640625
11.26,0.15468635,0.76617431640625
11.28,0.08486893,0.292938232421875
11.3,0.05388766,0.213897705078125
11.32,0.044398397,0.156280517578125
11.34,0.04024981,0.14666748046875
11.36,0.02914892,0.105499267578125
11.38,0.025420416,0.105712890625
11.4,0.032814175,0.168548583984375
11.42,0.030279608,0.168548583984375
11.44,0.015769638,0.0657958984375
11.46,0.012730943,0.03936767578125
11.48,0.013118862,0.04278564453125
11.5,0.044825096,0.251739501953125
11.52,0.05915621,0.251739501953125
11.54,0.052902043,0.251739501953125
11.56,0.039886467,0.146240234375
11.58,0.037592176,0.146240234375
11.6,0.028029928,0.128753662109375
11.62,0.011946832,0.055694580078125
11.64,0.017645227,0.28741455078125
11.66,0.062376045,0.296234130859375
11.68,0.0691669,0.296234130859375
11.7,0.049512226,0.178009033203125
11.72,0.043923024,0.152923583984375
11.74,0.04290748,0.13818359375
11.76,0.07663608,0.55841064453125
11.78,0.112703905,0.55841064453125
11.8,0.11892186,0.55841064453125
11.82,0.070699476,0.251220703125
11.84,0.0562185,0.194488525390625
11.86,0.048702557,0.170562744140625
11.88,0.040411085,0.146148681640625
11.9,0.026807986,0.095001220703125
11.92,0.050568413,0.340576171875
11.94,0.06059622,0.340576171875
11.96,0.052071735,0.2464599609375
11.98,0.018588591,0.11334228515625
12.0,0.010882253,0.03509521484375
12.02,0.0072393063,0.032623291015625
12.04,0.059364356,0.2867431640625
12.06,0.06789828,0.2867431640625
12.08,0.048059378,0.2193603515625
12.1,0.027298853,0.105621337890625
12.12,0.021111773,0.0753173828125
12.14,0.016631223,0.056610107421875
12.16,0.012313843,0.046905517578125
12.18,0.007374407,0.044830322265625
12.2,0.014544172,0.076812744140625
12.22,0.020476397,0.11138916015625
12.24,0.017243627,0.11138916015625
12.26,0.003156299,0.017913818359375
12.28,0.0019607937,0.01165771484375
12.3,0.019823086,0.139312744140625
12.32,0.1546638,0.79327392578125
12.34,0.17020601,0.79327392578125
12.36,0.11515042,0.4227294921875
12.38,0.1184677,0.4227294921875
12.4,0.11162082,0.379241943359375
12.42,0.10001234,0.34112548828125
12.44,0.0882349,0.265716552734375
12.46,0.07974886,0.256072998046875
12.48,0.13389057,0.856475830078125
12.5,0.22574373,0.88970947265625
12.52,0.27477524,0.88970947265625
12.54,0.20240192,0.77398681640625
12.56,0.12111626,0.695587158203125
12.58,0.1679895,0.77508544921875
12.6,0.19076961,0.77508544921875
12.62,0.17096312,0.568206787109375
12.64,0.15378796,0.52276611328125
12.66,0.13009726,0.44671630859375
12.68,0.111980096,0.388580322265625
12.7,0.09298743,0.344482421875
12.72,0.082222186,0.235504150390625
12.74,0.1004444,0.41680908203125
12.76,0.10475776,0.41680908203125
12.78,0.0875853,0.30157470703125
12.8,0.06773346,0.213226318359375
12.82,0.07015194,0.213226318359375
12.84,0.071532495,0.213226318359375
12.86,0.13750194,0.8040771484375
12.88,0.16732861,0.8040771484375
12.9,0.15302007,0.5999755859375
12.92,0.1122159,0.387908935546875
12.94,0.10588879,0.387908935546875
12.96,0.09290382,0.32470703125
12.98,0.08209903,0.26678466796875
13.0,0.07303492,0.26678466796875
13.02,0.072366916,0.228759765625
13.04,0.06998847,0.228759765625
13.06,0.05894876,0.206878662109375
13.08,0.055342775,0.206878662109375
13.1,0.04918413,0.206878662109375
13.12,0.094166785,0.521942138671875
13.14,0.124742664,0.521942138671875
13.16,0.13333355,0.521942138671875
13.18,0.09432057,0.430755615234375
13.2,0.08275905,0.30023193359375
13.22,0.072190136,0.30023193359375
13.24,0.06170577,0.184417724609375
13.26,0.054659218,0.17156982421875
13.28,0.049631115,0.1572265625
13.3,0.054516498,0.194976806640625
13.32,0.05704113,0.194976806640625
13.34,0.048331168,0.169830322265625
13.36,0.039618615,0.11962890625
13.38,0.042545475,0.118011474609375
13.4,0.13919693,0.78668212890625
13.42,0.18267293,0.78668212890625
13.44,0.20201454,0.78668212890625
13.46,0.13918057,0.520782470703125
13.48,0.12228498,0.40826416015625
13.5,0.10705063,0.362335205078125
13.52,0.096369855,0.362335205078125
13.54,0.08294197,0.362335205078125
13.56,0.075202025,0.2578125
13.58,0.06326226,0.205322265625
13.6,0.0427896,0.19158935546875
13.62,0.029892024,0.089019775390625
13.64,0.027812753,0.0787353515625
13.66,0.049192633,0.260101318359375
13.68,0.06301095,0.26837158203125
13.7,0.06506842,0.26837158203125
13.72,0.040284183,0.16265869140625
13.74,0.032919306,0.1019287109375
13.76,0.032169383,0.07977294921875
13.78,0.030689219,0.07977294921875
13.8,0.031093298,0.081817626953125
13.82,0.052923586,0.280548095703125
13.84,0.06407077,0.280548095703125
13.86,0.056548722,0.249359130859375
13.88,0.02967397,0.184844970703125
13.9,0.024053589,0.067535400390625
13.92,0.023207754,0.072418212890625
13.94,0.11522048,0.761077880859375
13.96,0.14915982,0.761077880859375
13.98,0.13761671,0.524505615234375
14.0,0.110987194,0.39483642578125
14.02,0.10425244,0.39483642578125
14.04,0.08833199,0.28399658203125
14.06,0.07484383,0.276275634765625
14.08,0.05737004,0.178436279296875
14.1,0.084544234,0.37750244140625
14.12,0.09257738,0.37750244140625
14.14,0.072051905,0.30206298828125
14.16,0.05211165,0.163330078125
14.18,0.038671203,0.1212158203125
14.2,0.041784763,0.27667236328125
14.22,0.13052647,0.599945068359375
14.24,0.15824032,0.599945068359375
14.26,0.14249639,0.599945068359375
14.28,0.114448175,0.393341064453125
14.3,0.09525125,0.37225341796875
14.32,0.07363285,0.225860595703125
14.34,0.06734085,0.225860595703125
14.36,0.06439352,0.1988525390625
14.38,0.10825421,0.594940185546875
14.4,0.12598346,0.594940185546875
14.42,0.13534422,0.51666259765625
14.44,0.11388072,0.463714599609375
14.46,0.095979504,0.36407470703125
14.48,0.108740695,0.6153564453125
14.5,0.1667246,0.848785400390625
14.52,0.15705407,0.848785400390625
14.54,0.052102137,0.16156005859375
14.56,0.049841784,0.152740478515625
14.58,0.047503065,0.1585693359375
14.6,0.042699117,0.169769287109375
14.62,0.037503034,0.169769287109375
14.64,0.036385305,0.1019287109375
14.66,0.038435526,0.101898193359375
14.68,0.039896492,0.120452880859375
14.7,0.04220782,0.122100830078125
14.72,0.044724915,0.122100830078125
14.74,0.044902906,0.131072998046875
14.76,0.09859716,0.755462646484375
14.78,0.14339145,0.755462646484375
14.8,0.16219568,0.755462646484375
14.82,0.13689649,0.496337890625
14.84,0.11441307,0.379119873046875
14.86,0.09348755,0.373260498046875
14.88,0.09076346,0.373260498046875
14.9,0.078148276,0.276275634765625
14.92,0.07636607,0.276275634765625
14.94,0.07005062,0.276275634765625
14.96,0.057031807,0.2001953125
14.98,0.050376456,0.140411376953125
15.0,0.049228836,0.12420654296875
15.02,0.09047347,0.53509521484375
15.04,0.11376427,0.53509521484375
15.06,0.117894456,0.53509521484375
15.08,0.06887619,0.2349853515625
15.1,0.06452884,0.20245361328125
15.12,0.059908766,0.20245361328125
15.14,0.054016717,0.17706298828125
15.16,0.04687581,0.17706298828125
15.18,0.04605015,0.23895263671875
15.2,0.048181184,0.23895263671875
15.22,0.04180663,0.16961669921875
15.24,0.0310325,0.095672607421875
15.26,0.029587215,0.09124755859375
15.28,0.025694108,0.073455810546875
15.3,0.10147932,0.57177734375
15.32,0.14158122,0.57177734375
15.34,0.14229321,0.57177734375
15.36,0.11371462,0.382904052734375
15.38,0.10749074,0.382904052734375
15.4,0.092742175,0.293914794921875
15.42,0.07905853,0.246795654296875
15.44,0.06715565,0.245208740234375
15.46,0.0625838,0.173553466796875
15.48,0.059828974,0.212066650390625
15.5,0.050602075,0.212066650390625
15.52,0.033631217,0.12615966796875
15.54,0.0302665,0.0841064453125
15.56,0.034689203,0.277191162109375
15.58,0.15546252,0.7125244140625
15.6,0.16717447,0.7125244140625
15.62,0.11154636,0.449188232421875
15.64,0.10629264,0.313690185546875
15.66,0.1001119,0.313690185546875
15.68,0.08882125,0.30035400390625
15.7,0.07215552,0.21685791015625
15.72,0.06033642,0.193817138671875
15.74,0.061220814,0.2164306640625
15.76,0.06059608,0.2164306640625
15.78,0.051899582,0.2164306640625
15.8,0.043494083,0.139007568359375
15.82,0.038274713,0.12445068359375
15.84,0.051994365,0.217620849609375
15.86,0.063734986,0.247406005859375
15.88,0.057277106,0.247406005859375
15.9,0.038892176,0.180816650390625
15.92,0.03145221,0.098388671875
15.94,0.035288848,0.098388671875
15.96,0.038161587,0.09283447265625
15.98,0.037055273,0.091766357421875
16.0,0.057259385,0.264068603515625
16.02,0.060684726,0.264068603515625
16.04,0.043129537,0.208160400390625
16.06,0.024935588,0.073760986328125
16.08,0.022979813,0.073760986328125
16.1,0.022070898,0.0692138671875
16.12,0.18039104,0.8736572265625
16.14,0.20316279,0.8736572265625
16.16,0.16591349,0.8736572265625
16.18,0.112525165,0.393646240234375
16.2,0.10686746,0.393646240234375
16.22,0.09755963,0.37158203125
16.24,0.080090284,0.28411865234375
16.26,0.0748664,0.381317138671875
16.28,0.0801431,0.381317138671875
16.3,0.07858148,0.381317138671875
16.32,0.05254488,0.177978515625
16.34,0.04119007,0.12481689453125
16.36,0.03944992,0.123260498046875
16.38,0.071913935,0.408050537109375
16.4,0.1266975,0.52886962890625
16.42,0.14182596,0.52886962890625
16.44,0.10681472,0.409271240234375
16.46,0.069617905,0.26971435546875
16.48,0.029292475,0.122650146484375
16.5,0.024033984,0.0684814453125
16.52,0.04599375,0.22747802734375
16.54,0.08511744,0.33367919921875
16.56,0.14787488,0.652587890625
16.58,0.1619436,0.652587890625
16.6,0.15085363,0.47259521484375
16.62,0.14653583,0.47259521484375
16.64,0.13949312,0.47259521484375
16.66,0.18327147,0.857818603515625
16.68,0.17334062,0.857818603515625
16.7,0.11093969,0.599945068359375
16.72,0.079712465,0.281341552734375
16.74,0.06313316,0.227996826171875
16.76,0.056751344,0.20050048828125
16.78,0.05160245,0.1595458984375
16.8,0.04746631,0.145751953125
16.82,0.09515227,0.4471435546875
16.84,0.12584564,0.4471435546875
16.86,0.1287388,0.388824462890625
16.88,0.09781192,0.388824462890625
16.9,0.06714155,0.295806884765625
16.92,0.08071571,0.398468017578125
16.94,0.13687126,0.62750244140625
16.96,0.14883268,0.62750244140625
16.98,0.12951085,0.46343994140625
17.0,0.11187389,0.46343994140625
17.02,0.09962926,0.46343994140625
17.04,0.0852466,0.314178466796875
17.06,0.07363375,0.231903076171875
17.08,0.086166725,0.305755615234375
17.1,0.090591654,0.305755615234375
17.12,0.077238694,0.263641357421875
17.14,0.059326146,0.2127685546875
17.16,0.058587655,0.16656494140625
17.18,0.05746634,0.1834716796875
17.2,0.12660758,0.67901611328125
17.22,0.15485361,0.67901611328125
17.24,0.13851163,0.67901611328125
17.26,0.10798384,0.35919189453125
17.28,0.1056727,0.35919189453125
17.3,0.09293789,0.3533935546875
17.32,0.07570681,0.280609130859375
17.34,0.063798524,0.213348388671875
17.36,0.06158275,0.221343994140625
17.38,0.055595092,0.221343994140625
17.4,0.04029403,0.221343994140625
17.42,0.03114399,0.088348388671875
17.44,0.032291263,0.088348388671875
17.46,0.07482885,0.4764404296875
17.48,0.12724939,0.486175537109375
17.5,0.14872615,0.513427734375
17.52,0.13313068,0.513427734375
17.54,0.11579767,0.362945556640625
17.56,0.1035664,0.362945556640625
17.58,0.088248,0.33966064453125
17.6,0.07774649,0.288421630859375
17.62,0.06954555,0.21734619140625
17.64,0.06687246,0.191558837890625
17.66,0.059215393,0.230682373046875
17.68,0.04838922,0.230682373046875
17.7,0.036666278,0.106201171875
17.72,0.034024153,0.100860595703125
17.74,0.08143275,0.529937744140625
17.76,0.1702553,0.77105712890625
17.78,0.18145669,0.77105712890625
17.8,0.12346693,0.49835205078125
17.82,0.11477738,0.49835205078125
17.84,0.09470915,0.421478271484375
17.86,0.079194844,0.3345947265625
17.88,0.066115,0.212005615234375
17.9,0.05830628,0.197540283203125
17.92,0.04917256,0.1839599609375
17.94,0.035883725,0.1839599609375
17.96,0.02283015,0.0670166015625
17.98,0.02181587,0.0670166015625
18.0,0.03978138,0.230133056640625
18.02,0.05786551,0.230133056640625
18.04,0.062525846,0.230133056640625
18.06,0.03765713,0.203643798828125
18.08,0.023262413,0.0687255859375
18.1,0.022912068,0.06353759765625
18.12,0.02139192,0.053009033203125
18.14,0.019513283,0.045745849609375
18.16,0.12739311,0.758453369140625
18.18,0.16221803,0.758453369140625
18.2,0.1579632,0.6781005859375
18.22,0.13109915,0.467071533203125
18.24,0.11993779,0.440216064453125
18.26,0.106840305,0.319580078125
18.28,0.14742449,0.704193115234375
18.3,0.14905553,0.704193115234375
18.32,0.124468304,0.704193115234375
18.34,0.08572825,0.285430908203125
18.36,0.078142725,0.251678466796875
18.38,0.06876308,0.24468994140625
18.4,0.05760128,0.20880126953125
18.42,0.046095237,0.154693603515625
18.44,0.07810617,0.374481201171875
18.46,0.09104835,0.374481201171875
18.48,0.073998295,0.25616455078125
18.5,0.046885133,0.19171142578125
18.52,0.030053057,0.106353759765625
18.54,0.024673581,0.17510986328125
18.56,0.105557606,0.443267822265625
18.58,0.110178396,0.443267822265625
18.6,0.0549754,0.2977294921875
18.62,0.03596749,0.136383056640625
18.64,0.027412586,0.08941650390625
18.66,0.022105658,0.0892333984375
18.68,0.021730416,0.158905029296875
18.7,0.07219825,0.293487548828125
18.72,0.140138,0.72100830078125
18.74,0.15754037,0.72100830078125
18.76,0.14353158,0.5736083984375
18.78,0.137745,0.533966064453125
18.8,0.115845114,0.36614990234375
18.82,0.1117733,0.67431640625
18.84,0.16667902,0.830963134765625
18.86,0.15652558,0.830963134765625
18.88,0.040761318,0.170318603515625
18.9,0.03909904,0.169921875
18.92,0.0362968,0.169921875
18.94,0.030537263,0.103759765625
18.96,0.04594931,0.376678466796875
18.98,0.16684626,0.77459716796875
19.0,0.22040032,0.77459716796875
19.02,0.1817634,0.71624755859375
19.04,0.11238054,0.59320068359375
19.06,0.07289338,0.286102294921875
19.08,0.03754695,0.2100830078125
19.1,0.05125313,0.227203369140625
19.12,0.052047506,0.227203369140625
19.14,0.034468323,0.189361572265625
19.16,0.016868517,0.060882568359375
19.18,0.013505093,0.052001953125
19.2,0.010861884,0.038055419921875
19.22,0.009646536,0.0313720703125
19.24,0.01506098,0.277069091796875
19.26,0.04767968,0.277069091796875
19.28,0.0497637,0.277069091796875
19.3,0.026040813,0.19293212890625
19.32,0.008527611,0.02935791015625
19.34,0.0066421563,0.02789306640625
19.36,0.0474792,0.31134033203125
19.38,0.092375524,0.62835693359375
19.4,0.114377774,0.62835693359375
19.42,0.11321556,0.334991455078125
19.44,0.11227311,0.3275146484375
19.46,0.10622713,0.3275146484375
19.48,0.09976402,0.2919921875
19.5,0.088788114,0.278594970703125
19.52,0.07004306,0.262176513671875
19.54,0.071619116,0.25244140625
19.56,0.09733399,0.293182373046875
19.58,0.10945484,0.310699462890625
19.6,0.10981085,0.310699462890625
19.62,0.106698565,0.2987060546875
19.64,0.12762184,0.51080322265625
19.66,0.15501022,0.51080322265625
19.68,0.14956497,0.46923828125
19.7,0.12808512,0.393524169921875
19.72,0.112403035,0.320220947265625
19.74,0.10185909,0.320220947265625
19.76,0.09285391,0.2423095703125
19.78,0.08963007,0.2423095703125
19.8,0.080649905,0.267578125
19.82,0.083642386,0.267578125
19.84,0.10049476,0.334869384765625
19.86,0.10405373,0.334869384765625
19.88,0.10622124,0.334869384765625
19.9,0.10745327,0.30865478515625
19.92,0.17515549,0.78436279296875
19.94,0.17572369,0.78436279296875
19.96,0.10708619,0.54766845703125
19.98,0.07405783,0.342864990234375
20.0,0.050155077,0.16302490234375
20.02,0.043237146,0.148529052734375
20.04,0.032437295,0.1156005859375
20.06,0.024527777,0.09893798828125
20.08,0.03315198,0.149169921875
20.1,0.05989208,0.267730712890625
20.12,0.10215596,0.440185546875
20.14,0.13818365,0.59210205078125
20.16,0.1459826,0.59210205078125
20.18,0.14776573,0.54345703125
20.2,0.14248875,0.54345703125
20.22,0.12677571,0.538299560546875
20.24,0.118721925,0.4776611328125
20.26,0.12434242,0.4776611328125
20.28,0.12933296,0.51507568359375
20.3,0.12197876,0.51507568359375
20.32,0.09059383,0.4503173828125
20.34,0.067155056,0.32366943359375
20.36,0.14077297,0.65301513671875
20.38,0.19345023,0.68597412109375
20.4,0.2096835,0.68597412109375
20.42,0.18804082,0.62677001953125
20.44,0.16453505,0.62677001953125
20.46,0.1840745,0.629608154296875
20.48,0.22826761,0.767059326171875
20.5,0.21756002,0.767059326171875
20.52,0.18874605,0.660552978515625
20.54,0.15974535,0.51934814453125
20.56,0.13605313,0.508270263671875
20.58,0.11776979,0.40179443359375
20.6,0.09651218,0.31109619140625
20.62,0.098862745,0.394500732421875
20.64,0.09290034,0.394500732421875
20.66,0.06871903,0.26617431640625
20.68,0.05800151,0.188629150390625
20.7,0.050972387,0.1646728515625
20.72,0.06679939,0.2733154296875
20.74,0.08165674,0.2733154296875
20.76,0.07824998,0.2733154296875
20.78,0.053540926,0.207855224609375
20.8,0.04780861,0.143829345703125
20.82,0.042124216,0.1300048828125
20.84,0.036979973,0.119720458984375
20.86,0.03709976,0.119720458984375
20.88,0.037588608,0.11199951171875
20.9,0.041616675,0.135101318359375
20.92,0.040475424,0.135101318359375
20.94,0.034277055,0.102935791015625
20.96,0.031524893,0.095916748046875
20.98,0.029220719,0.095916748046875
21.0,0.036754835,0.36474609375
21.02,0.13590339,0.7789306640625
21.04,0.19632152,0.7789306640625
21.06,0.20150118,0.7789306640625
21.08,0.16505848,0.55987548828125
21.1,0.1565774,0.5325927734375
21.12,0.1343262,0.43914794921875
21.14,0.10914158,0.360137939453125
21.16,0.09831625,0.360137939453125
21.18,0.09476876,0.323516845703125
21.2,0.092052944,0.323516845703125
21.22,0.0821953,0.256591796875
21.24,0.07802343,0.215576171875
21.26,0.07385255,0.20361328125
21.28,0.097142324,0.4085693359375
21.3,0.09565811,0.4085693359375
21.32,0.07049863,0.323577880859375
21.34,0.05444373,0.1405029296875
21.36,0.05149419,0.140655517578125
21.38,0.047568146,0.148834228515625
21.4,0.047287226,0.148834228515625
21.42,0.083698794,0.519439697265625
21.44,0.12568268,0.519439697265625
21.46,0.13377804,0.519439697265625
21.48,0.0842852,0.372772216796875
21.5,0.05545031,0.185791015625
21.52,0.046993393,0.149749755859375
21.54,0.07940571,0.59625244140625
21.56,0.167696,0.683746337890625
21.58,0.18986227,0.683746337890625
21.6,0.148999,0.60931396484375
21.62,0.11380272,0.35638427734375
21.64,0.094469786,0.320648193359375
21.66,0.08621822,0.3096923828125
21.68,0.07147585,0.3096923828125
21.7,0.06330641,0.3096923828125
21.72,0.060257055,0.26007080078125
21.74,0.056181885,0.191802978515625
21.76,0.046951663,0.137054443359375
21.78,0.043606713,0.121063232421875
21.8,0.038191248,0.107208251953125
21.82,0.10428557,0.581329345703125
21.84,0.13392292,0.581329345703125
21.86,0.12570046,0.572357177734375
21.88,0.09673892,0.47418212890625
21.9,0.085393,0.47418212890625
21.92,0.06905668,0.22918701171875
21.94,0.05943285,0.22918701171875
21.96,0.049645886,0.134185791015625
21.98,0.046815485,0.157470703125
22.0,0.046671763,0.157470703125
22.02,0.04175252,0.143707275390625
22.04,0.034220662,0.143707275390625
22.06,0.029244388,0.085235595703125
22.08,0.028551305,0.0816650390625
22.1,0.14683598,0.7423095703125
22.12,0.18411908,0.7423095703125
22.14,0.19530107,0.7423095703125
22.16,0.14998257,0.662109375
22.18,0.11654434,0.37109375
22.2,0.10654974,0.361419677734375
22.22,0.09211003,0.33154296875
22.24,0.07800522,0.245758056640625
22.26,0.07588048,0.24908447265625
22.28,0.06151831,0.24908447265625
22.3,0.043370977,0.24908447265625
22.32,0.030343827,0.090118408203125
22.34,0.029079204,0.08331298828125
22.36,0.045629844,0.247039794921875
22.38,0.056067754,0.247039794921875
22.4,0.05570304,0.247039794921875
22.42,0.034809984,0.16278076171875
22.44,0.02651356,0.0771484375
22.46,0.02452818,0.061187744140625
22.48,0.022799702,0.057403564453125
22.5,0.022434218,0.057403564453125
22.52,0.043889254,0.2625732421875
22.54,0.053074915,0.2625732421875
22.56,0.042586725,0.1767578125
22.58,0.021456042,0.07672119140625
22.6,0.019409725,0.05487060546875
22.62,0.018196201,0.05487060546875
22.64,0.15246914,0.676513671875
22.66,0.19628672,0.676513671875
22.68,0.18409309,0.665069580078125
22.7,0.1266631,0.548675537109375
22.72,0.102886915,0.34625244140625
22.74,0.0870056,0.34625244140625
22.76,0.073808834,0.2596435546875
22.78,0.061417047,0.186279296875
22.8,0.09420632,0.41949462890625
22.82,0.102971494,0.41949462890625
22.84,0.07668795,0.28057861328125
22.86,0.053688265,0.17987060546875
22.88,0.043806653,0.139312744140625
22.9,0.04697767,0.222747802734375
22.92,0.09609614,0.38372802734375
22.94,0.09878212,0.38372802734375
22.96,0.053417046,0.224273681640625
22.98,0.04066866,0.14251708984375
23.0,0.03509517,0.121063232421875
23.02,0.025642274,0.098724365234375
23.04,0.01653949,0.06048583984375
23.06,0.045457155,0.1881103515625
23.08,0.11804091,0.71697998046875
23.1,0.14888726,0.71697998046875
23.12,0.16293716,0.71697998046875
23.14,0.1294556,0.49664306640625
23.16,0.111105494,0.4013671875
23.18,0.105741285,0.594329833984375
23.2,0.14199795,0.634796142578125
23.22,0.13332644,0.634796142578125
23.24,0.06273129,0.194915771484375
23.26,0.060869068,0.193023681640625
23.28,0.060133945,0.192291259765625
23.3,0.05626268,0.192291259765625
23.32,0.0548925,0.192291259765625
23.34,0.05074096,0.120391845703125
23.36,0.051005557,0.120391845703125
23.38,0.048977073,0.139434814453125
23.4,0.05067794,0.15618896484375
23.42,0.050392017,0.15618896484375
23.44,0.050488625,0.1290283203125
23.46,0.07328446,0.423553466796875
23.48,0.15076675,0.782501220703125
23.5,0.17699006,0.782501220703125
23.52,0.14316909,0.508331298828125
23.54,0.13050608,0.508331298828125
23.56,0.106823705,0.359466552734375
23.58,0.09580007,0.345489501953125
23.6,0.08423045,0.2598876953125
23.62,0.0777344,0.2728271484375
23.64,0.06369197,0.2728271484375
23.66,0.04419352,0.1407470703125
23.68,0.038575213,0.1175537109375
23.7,0.036211606,0.101226806640625
23.72,0.054876678,0.398895263671875
23.74,0.14435865,0.638427734375
23.76,0.15360643,0.638427734375
23.78,0.08108874,0.2261962890625
23.8,0.061691992,0.177154541015625
23.82,0.049899064,0.18121337890625
23.84,0.040752538,0.18121337890625
23.86,0.033847388,0.121551513671875
23.88,0.03329013,0.18359375
23.9,0.03538992,0.18359375
23.92,0.034719806,0.18359375
23.94,0.025989067,0.089385986328125
23.96,0.024976134,0.07818603515625
23.98,0.025336994,0.07818603515625
24.0,0.058765475,0.286651611328125
24.02,0.12964718,0.718597412109375
24.04,0.14487077,0.718597412109375
24.06,0.12054181,0.57794189453125
24.08,0.11028628,0.3739013671875
24.1,0.09880174,0.354949951171875
24.12,0.08637992,0.24005126953125
24.14,0.074814446,0.229278564453125
24.16,0.06679733,0.2008056640625
24.18,0.056954168,0.199951171875
24.2,0.04512629,0.190704345703125
24.22,0.03650115,0.126495361328125
24.24,0.030376859,0.083251953125
24.26,0.02830069,0.078582763671875
24.28,0.11030628,0.69268798828125
24.3,0.14833044,0.701507568359375
24.32,0.1587622,0.701507568359375
24.34,0.1085309,0.40325927734375
24.36,0.095560536,0.385498046875
24.38,0.07824545,0.259246826171875
24.4,0.0692709,0.243072509765625
24.42,0.06038256,0.191558837890625
24.44,0.054080497,0.170745849609375
24.46,0.048454806,0.172454833984375
24.48,0.042196307,0.172454833984375
24.5,0.03818227,0.1138916015625
24.52,0.036866106,0.1138916015625
24.54,0.040165473,0.1790771484375
24.56,0.050713327,0.18597412109375
24.58,0.052187737,0.18597412109375
24.6,0.036454704,0.16119384765625
24.62,0.031377163,0.08294677734375
24.64,0.0317984,0.08868408203125
24.66,0.030181171,0.08868408203125
24.68,0.027735144,0.08868408203125
24.7,0.043723553,0.23980712890625
24.72,0.05230377,0.23980712890625
24.74,0.0516365,0.23980712890625
24.76,0.025585014,0.085784912109375
24.78,0.023601286,0.070709228515625
24.8,0.02114969,0.070709228515625
24.82,0.106974825,0.508819580078125
24.84,0.17638934,0.768798828125
24.86,0.18722753,0.768798828125
24.88,0.13611895,0.577362060546875
24.9,0.11547317,0.46307373046875
24.92,0.09551689,0.38787841796875
24.94,0.077194735,0.236663818359375
24.96,0.06063189,0.207550048828125
24.98,0.075795196,0.306915283203125
25.0,0.07811259,0.306915283203125
25.02,0.056471653,0.249176025390625
25.04,0.041164644,0.12554931640625
25.06,0.037400786,0.109222412109375
25.08,0.03172543,0.090362548828125
25.1,0.063239075,0.28564453125
25.12,0.06490104,0.28564453125
25.14,0.039810695,0.15802001953125
25.16,0.02827253,0.091156005859375
25.18,0.020956751,0.087860107421875
25.2,0.017133318,0.055023193359375
25.22,0.014574381,0.078369140625
25.24,0.0434997,0.247802734375
25.26,0.10043544,0.586944580078125
25.28,0.1402073,0.586944580078125
25.3,0.15409645,0.586944580078125
25.32,0.12333988,0.40179443359375
25.34,0.11509396,0.40179443359375
25.36,0.10331469,0.37835693359375
25.38,0.149234,0.6650390625
25.4,0.14470221,0.6650390625
25.42,0.06848707,0.228057861328125
25.44,0.058836002,0.187042236328125
25.46,0.05326017,0.187042236328125
25.48,0.049692895,0.1815185546875
25.5,0.045773823,0.168548583984375
25.52,0.043352827,0.14434814453125
25.54,0.1098679,0.5782470703125
25.56,0.14238708,0.5858154296875
25.58,0.12966634,0.5858154296875
25.6,0.08834264,0.44024658203125
25.62,0.04967731,0.165618896484375
25.64,0.07524312,0.372161865234375
25.66,0.13895366,0.703826904296875
25.68,0.1445745,0.703826904296875
25.7,0.12212306,0.547576904296875
25.72,0.11451681,0.43072509765625
25.74,0.098072745,0.359619140625
25.76,0.080774456,0.250946044921875
25.78,0.072517596,0.250946044921875
25.8,0.092206486,0.387115478515625
25.82,0.09211338,0.387115478515625
25.84,0.071269095,0.259674072265625
25.86,0.05557231,0.1693115234375
25.88,0.055329975,0.171600341796875
25.9,0.059439152,0.24285888671875
25.92,0.14894436,0.67938232421875
25.94,0.18137842,0.67938232421875
25.96,0.16243227,0.67938232421875
25.98,0.11977132,0.3648681640625
26.0,0.10315684,0.3648681640625
26.02,0.08562104,0.292510986328125
26.04,0.07211746,0.292510986328125
26.06,0.0627665,0.20526123046875
26.08,0.060339857,0.24261474609375
26.1,0.050581217,0.24261474609375
26.12,0.035444494,0.13433837890625
26.14,0.028908752,0.092193603515625
26.16,0.028959226,0.0872802734375
26.18,0.09727418,0.528533935546875
26.2,0.14436199,0.54193115234375
26.22,0.15741597,0.54193115234375
26.24,0.12003124,0.485595703125
26.26,0.10395783,0.352813720703125
26.28,0.08514325,0.327056884765625
26.3,0.07029137,0.21197509765625
26.32,0.06100482,0.202117919921875
26.34,0.05904894,0.201934814453125
26.36,0.058779415,0.19866943359375
26.38,0.05073367,0.19866943359375
26.4,0.036326706,0.19866943359375
26.42,0.02814234,0.08709716796875
26.44,0.026828686,0.08709716796875
26.46,0.079436794,0.54345703125
26.48,0.1509101,0.770416259765625
26.5,0.1675818,0.770416259765625
26.52,0.11523258,0.4281005859375
26.54,0.10410442,0.3331298828125
26.56,0.0884812,0.3043212890625
26.58,0.0768668,0.252777099609375
26.6,0.06326667,0.240264892578125
26.62,0.056886744,0.2091064453125
26.64,0.048738707,0.2091064453125
26.66,0.036227223,0.142791748046875
26.68,0.02564024,0.0850830078125
26.7,0.02421422,0.0850830078125
26.72,0.036225148,0.225799560546875
26.74,0.054434627,0.225799560546875
26.76,0.058057982,0.225799560546875
26.78,0.034077052,0.12078857421875
26.8,0.024938222,0.076507568359375
26.82,0.022971233,0.05908203125
26.84,0.021959295,0.05908203125
26.86,0.020275416,0.061187744140625
26.88,0.13735868,0.8641357421875
26.9,0.17650858,0.8641357421875
26.92,0.17538464,0.729034423828125
26.94,0.1418722,0.49298095703125
26.96,0.12491786,0.4200439453125
26.98,0.106605254,0.3763427734375
27.0,0.14496394,0.72210693359375
27.02,0.16582543,0.72210693359375
27.04,0.15968986,0.72210693359375
27.06,0.10410278,0.349090576171875
27.08,0.08211409,0.2872314453125
27.1,0.07128,0.234039306640625
27.12,0.062103663,0.191375732421875
27.14,0.054906264,0.191375732421875
27.16,0.088259414,0.424560546875
27.18,0.1012018,0.424560546875
27.2,0.07675009,0.291473388671875
27.22,0.04297053,0.169036865234375
27.24,0.03417431,0.095123291015625
27.26,0.026810372,0.08026123046875
27.28,0.091036335,0.41845703125
27.3,0.09479754,0.41845703125
27.32,0.04948874,0.181976318359375
27.34,0.030118935,0.0955810546875
27.36,0.024063546,0.0955810546875
27.38,0.018833974,0.065582275390625
27.4,0.014060838,0.05621337890625
27.42,0.046339087,0.29254150390625
27.44,0.11706284,0.672088623046875
27.46,0.15113989,0.672088623046875
27.48,0.14673692,0.648406982421875
27.5,0.11961337,0.427947998046875
27.52,0.10242,0.427947998046875
27.54,0.086638406,0.3519287109375
27.56,0.12838249,0.564483642578125
27.58,0.117915004,0.564483642578125
27.6,0.032615215,0.128814697265625
27.62,0.030404912,0.10150146484375
27.64,0.027876813,0.10150146484375
27.66,0.023552071,0.10150146484375
27.68,0.017119292,0.064453125
27.7,0.1811483,0.858642578125
27.72,0.24885376,0.858642578125
27.74,0.2254725,0.82708740234375
27.76,0.15364784,0.675537109375
27.78,0.0741708,0.3341064453125
27.8,0.037644062,0.141082763671875
27.82,0.043471865,0.196014404296875
27.84,0.047082264,0.196014404296875
27.86,0.037237544,0.19537353515625
27.88,0.018810658,0.076507568359375
27.9,0.015924683,0.0555419921875
27.92,0.013844066,0.048919677734375
27.94,0.011845702,0.03546142578125
27.96,0.010106711,0.0330810546875
27.98,0.03577303,0.185150146484375
28.0,0.04071859,0.185150146484375
28.02,0.027992478,0.160125732421875
28.04,0.009730909,0.041473388671875
28.06,0.0074312226,0.027862548828125
28.08,0.036601204,0.214874267578125
28.1,0.14068782,0.668365478515625
28.12,0.17279242,0.668365478515625
28.14,0.1526876,0.489715576171875
28.16,0.1444658,0.446685791015625
28.18,0.13446042,0.434722900390625
28.2,0.12197774,0.424560546875
28.22,0.11052471,0.3515625
28.24,0.08528556,0.31390380859375
28.26,0.06342628,0.27825927734375
28.28,0.09348377,0.474365234375
28.3,0.1182177,0.474365234375
28.32,0.1228447,0.390411376953125
28.34,0.12512133,0.490936279296875
28.36,0.14178316,0.508880615234375
28.38,0.16206782,0.508880615234375
28.4,0.16824785,0.508880615234375
28.42,0.15083052,0.5059814453125
28.44,0.13917705,0.4102783203125
28.46,0.12781665,0.4102783203125
28.48,0.11789069,0.355224609375
28.5,0.11543481,0.342864990234375
28.52,0.10304246,0.31475830078125
28.54,0.09631892,0.305511474609375
28.56,0.11108,0.424285888671875
28.58,0.13345112,0.424285888671875
28.6,0.13649501,0.424285888671875
28.62,0.13615513,0.3759765625
28.64,0.15320998,0.64361572265625
28.66,0.1777667,0.64361572265625
28.68,0.17000653,0.64361572265625
28.7,0.09424174,0.389923095703125
28.72,0.04984567,0.19696044921875
28.74,0.038676564,0.139190673828125
28.76,0.033114262,0.139190673828125
28.78,0.0237479,0.096405029296875
28.8,0.021610463,0.08367919921875
28.82,0.03927447,0.158538818359375
28.84,0.08731582,0.432525634765625
28.86,0.13605307,0.508209228515625
28.88,0.16410527,0.6446533203125
28.9,0.16789931,0.6446533203125
28.92,0.15781699,0.6446533203125
28.94,0.1464792,0.52496337890625
28.96,0.14585021,0.466094970703125
28.98,0.15458907,0.506256103515625
29.0,0.1542831,0.506256103515625
29.02,0.14844592,0.526214599609375
29.04,0.1221849,0.526214599609375
29.06,0.07744369,0.344940185546875
29.08,0.059015937,0.235595703125
29.1,0.08495841,0.35968017578125
29.12,0.122177854,0.548492431640625
29.14,0.1630276,0.690673828125
29.16,0.17437014,0.690673828125
29.18,0.18528529,0.749664306640625
29.2,0.20124856,0.749664306640625
29.22,0.19317013,0.749664306640625
29.24,0.14002763,0.5865478515625
29.26,0.09209847,0.36285400390625
29.28,0.056869745,0.23089599609375
29.3,0.03720998,0.16766357421875
29.32,0.023285637,0.096527099609375
29.34,0.058352206,0.35260009765625
29.36,0.06839578,0.35260009765625
29.38,0.052781448,0.218170166015625
29.4,0.019665234,0.094696044921875
29.42,0.014282184,0.05279541015625
29.44,0.009039817,0.03076171875
29.46,0.053338017,0.239715576171875
29.48,0.058187764,0.239715576171875
29.5,0.038136058,0.161346435546875
29.52,0.023071643,0.071380615234375
29.54,0.01738139,0.059326171875
29.56,0.01361498,0.0458984375
29.58,0.010222394,0.0396728515625
29.6,0.006801871,0.023040771484375
29.62,0.04364489,0.35150146484375
29.64,0.10279466,0.48052978515625
29.66,0.1283172,0.48052978515625
29.68,0.09711109,0.440704345703125
29.7,0.058166426,0.35150146484375
29.72,0.019246904,0.073394775390625
29.74,0.09687906,0.518218994140625
29.76,0.13562588,0.518218994140625
29.78,0.13477519,0.518218994140625
29.8,0.107400745,0.484527587890625
29.82,0.09317897,0.335662841796875
29.84,0.08141602,0.30133056640625
29.86,0.06910904,0.30133056640625
29.88,0.053025305,0.255401611328125
29.9,0.11789425,0.719940185546875
29.92,0.1646991,0.719940185546875
29.94,0.17025478,0.668365478515625
29.96,0.11898523,0.668365478515625
29.98,0.050254676,0.364990234375
30.0,0.032423124,0.143341064453125
30.02,0.13526183,0.647613525390625
30.04,0.17456472,0.647613525390625
30.06,0.1589219,0.56927490234375
30.08,0.124691576,0.434051513671875
30.1,0.10667792,0.416168212890625
30.12,0.08972088,0.322052001953125
30.14,0.08190126,0.322052001953125
30.16,0.073456645,0.31390380859375
30.18,0.07077007,0.21942138671875
30.2,0.06305143,0.18994140625
30.22,0.05559322,0.170379638671875
30.24,0.049890768,0.16650390625
30.26,0.03869335,0.12371826171875
30.28,0.08895958,0.57958984375
30.3,0.15267988,0.653656005859375
30.32,0.17831789,0.653656005859375
30.34,0.1486438,0.5941162109375
30.36,0.11685672,0.39569091796875
30.38,0.10380288,0.381103515625
30.4,0.09023053,0.293121337890625
30.42,0.077579476,0.293121337890625
30.44,0.07306165,0.2913818359375
30.46,0.06582387,0.2843017578125
30.48,0.056668293,0.22247314453125
30.5,0.047030576,0.14990234375
30.52,0.04320888,0.132568359375
30.54,0.03898081,0.113525390625
30.56,0.12009326,0.684112548828125
30.58,0.17004414,0.684112548828125
30.6,0.17205316,0.684112548828125
30.62,0.1309439,0.53057861328125
30.64,0.10392155,0.396209716796875
30.66,0.088255264,0.30352783203125
30.68,0.07556935,0.263458251953125
30.7,0.06710338,0.2354736328125
30.72,0.09599487,0.45233154296875
30.74,0.11149034,0.45233154296875
30.76,0.10252908,0.440093994140625
30.78,0.05671535,0.242218017578125
30.8,0.02773304,0.135955810546875
30.82,0.046646915,0.454559326171875
30.84,0.12598442,0.562744140625
30.86,0.1580767,0.562744140625
30.88,0.13708004,0.55316162109375
30.9,0.10833915,0.431884765625
30.92,0.09736202,0.343994140625
30.94,0.08591523,0.324462890625
30.96,0.072450355,0.324462890625
30.98,0.050413735,0.201202392578125
31.0,0.11537286,0.643829345703125
31.02,0.13603218,0.643829345703125
31.04,0.08640318,0.505279541015625
31.06,0.03765432,0.2808837890625
31.08,0.017794121,0.05596923828125
31.1,0.07843131,0.672454833984375
31.12,0.13002042,0.672454833984375
31.14,0.15259653,0.672454833984375
31.16,0.12046031,0.455596923828125
31.18,0.098672785,0.339019775390625
31.2,0.08079583,0.28973388671875
31.22,0.068491526,0.23370361328125
31.24,0.055591065,0.199249267578125
31.26,0.054864984,0.19580078125
31.28,0.0512062,0.19580078125
31.3,0.042235177,0.151580810546875
31.32,0.038137607,0.10345458984375
31.34,0.035669718,0.09991455078125
31.36,0.029580753,0.09991455078125
31.38,0.11106171,0.706878662109375
31.4,0.14171915,0.706878662109375
31.42,0.1395708,0.5235595703125
31.44,0.11781351,0.4295654296875
31.46,0.09975674,0.352569580078125
31.48,0.08247872,0.254486083984375
31.5,0.06857308,0.254486083984375
31.52,0.0566562,0.18634033203125
31.54,0.0487984,0.165252685546875
31.56,0.04524065,0.165252685546875
31.58,0.039345965,0.146514892578125
31.6,0.035959776,0.115966796875
31.62,0.033275258,0.09393310546875
31.64,0.03831394,0.2205810546875
31.66,0.11820226,0.61236572265625
31.68,0.13743314,0.61236572265625
31.7,0.11717711,0.458831787109375
31.72,0.10906569,0.399322509765625
31.74,0.09012081,0.326507568359375
31.76,0.07536032,0.2850341796875
31.78,0.06749579,0.2850341796875
31.8,0.058856394,0.210357666015625
31.82,0.05291987,0.18133544921875
31.84,0.048014957,0.15216064453125
31.86,0.03807212,0.13018798828125
31.88,0.026815498,0.124664306640625
31.9,0.011761678,0.053314208984375
31.92,0.09082456,0.581329345703125
31.94,0.20793715,0.934844970703125
31.96,0.22507879,0.934844970703125
31.98,0.16663794,0.5419921875
32.0,0.16021495,0.515350341796875
32.02,0.15207723,0.515350341796875
32.04,0.14078782,0.50933837890625
32.06,0.11354278,0.382354736328125
32.08,0.097546786,0.31756591796875
32.1,0.09239606,0.3009033203125
32.12,0.08625273,0.3009033203125
32.14,0.07823845,0.27447509765625
32.16,0.0723176,0.27447509765625
32.18,0.08219946,0.350189208984375
32.2,0.09591873,0.350189208984375
32.22,0.09570911,0.350189208984375
32.24,0.07211289,0.268646240234375
32.26,0.07158212,0.2171630859375
32.28,0.06598042,0.2171630859375
32.3,0.055529542,0.1878662109375
32.32,0.05065073,0.150634765625
32.34,0.09989103,0.55426025390625
32.36,0.12805752,0.55426025390625
32.38,0.13192935,0.55426025390625
32.4,0.08294794,0.290130615234375
32.42,0.055211637,0.261444091796875
32.44,0.042785328,0.134674072265625
32.46,0.11431261,0.788909912109375
32.48,0.15435366,0.788909912109375
32.5,0.16205725,0.788909912109375
32.52,0.1242757,0.4324951171875
32.54,0.11574488,0.4324951171875
32.56,0.09872274,0.355224609375
32.58,0.08379555,0.31549072265625
32.6,0.073351115,0.265960693359375
32.62,0.07134921,0.25982666015625
32.64,0.07315656,0.25982666015625
32.66,0.06863685,0.223846435546875
32.68,0.061207794,0.18096923828125
32.7,0.051430922,0.16693115234375
32.72,0.078378335,0.43609619140625
32.74,0.13773277,0.46661376953125
32.76,0.15805072,0.46661376953125
32.78,0.12538426,0.439971923828125
32.8,0.10310691,0.38555908203125
32.82,0.082058154,0.29266357421875
32.84,0.06856502,0.224090576171875
32.86,0.053138446,0.194793701171875
32.88,0.048407342,0.156036376953125
32.9,0.049005613,0.160675048828125
32.92,0.051371254,0.20233154296875
32.94,0.04207102,0.20233154296875
32.96,0.028313022,0.08880615234375
32.98,0.027479127,0.08880615234375
33.0,0.08695863,0.66302490234375
33.02,0.17540565,0.765106201171875
33.04,0.19920754,0.765106201171875
33.06,0.13721834,0.517425537109375
33.08,0.1141118,0.449462890625
33.1,0.103628874,0.41912841796875
33.12,0.09420139,0.313507080078125
33.14,0.088356264,0.291412353515625
33.16,0.08858183,0.270721435546875
33.18,0.085465856,0.270721435546875
33.2,0.071783274,0.23773193359375
33.22,0.061457373,0.199371337890625
33.24,0.063375466,0.192779541015625
33.26,0.07249352,0.393798828125
33.28,0.0812874,0.393798828125
33.3,0.08374263,0.393798828125
33.32,0.06840525,0.239501953125
33.34,0.052604116,0.172760009765625
33.36,0.036112014,0.133514404296875
33.38,0.027358185,0.0784912109375
33.4,0.02578784,0.0784912109375
33.42,0.044239905,0.243865966796875
33.44,0.07257825,0.287994384765625
33.46,0.086571164,0.287994384765625
33.48,0.079136655,0.287994384765625
33.5,0.073301524,0.234039306640625
33.52,0.06782407,0.234039306640625
33.54,0.11585838,0.775604248046875
33.56,0.14956035,0.775604248046875
33.58,0.15619896,0.775604248046875
33.6,0.121208996,0.399383544921875
33.62,0.107390985,0.399383544921875
33.64,0.09303695,0.350555419921875
33.66,0.07766481,0.350555419921875
33.68,0.0591135,0.222991943359375
33.7,0.07958701,0.372711181640625
33.72,0.09770573,0.372711181640625
33.74,0.08483538,0.29681396484375
33.76,0.05417837,0.19696044921875
33.78,0.045144398,0.114593505859375
33.8,0.044404205,0.156341552734375
33.82,0.13595192,0.5762939453125
33.84,0.17217582,0.5762939453125
33.86,0.15854332,0.5762939453125
33.88,0.13119683,0.42681884765625
33.9,0.11317485,0.42681884765625
33.92,0.098235965,0.343719482421875
33.94,0.09005923,0.343719482421875
33.96,0.084323935,0.280426025390625
33.98,0.11475544,0.57012939453125
34.0,0.13709325,0.57012939453125
34.02,0.15249522,0.57012939453125
34.04,0.13308078,0.407928466796875
34.06,0.12040351,0.407928466796875
34.08,0.1167622,0.63427734375
34.1,0.1742003,0.81158447265625
34.12,0.17235729,0.81158447265625
34.14,0.09504791,0.33489990234375
34.16,0.08864906,0.33489990234375
34.18,0.08273267,0.28887939453125
34.2,0.071136914,0.222900390625
34.22,0.056183163,0.222900390625
34.24,0.046837203,0.137451171875
34.26,0.044066772,0.144287109375
34.28,0.04170678,0.144287109375
34.3,0.041246463,0.10968017578125
34.32,0.042430796,0.122467041015625
34.34,0.048714727,0.1756591796875
34.36,0.095276505,0.53363037109375
34.38,0.14671259,0.547149658203125
34.4,0.16960998,0.612884521484375
34.42,0.14754683,0.612884521484375
34.44,0.12314706,0.42633056640625
34.46,0.09826705,0.31817626953125
34.48,0.08033199,0.266693115234375
34.5,0.06751553,0.192962646484375
34.52,0.079195715,0.27520751953125
34.54,0.07658356,0.27520751953125
34.56,0.059875228,0.27520751953125
34.58,0.042367678,0.11663818359375
34.6,0.045781516,0.154815673828125
34.62,0.068182416,0.478363037109375
34.64,0.12228379,0.708984375
34.66,0.1306825,0.708984375
34.68,0.088939875,0.26751708984375
34.7,0.07905023,0.230499267578125
34.72,0.068121284,0.241241455078125
34.74,0.056048587,0.241241455078125
34.76,0.041814774,0.138427734375
34.78,0.040214967,0.23724365234375
34.8,0.045562718,0.23724365234375
34.82,0.04333295,0.209930419921875
34.84,0.029245548,0.087005615234375
34.86,0.031541463,0.12060546875
34.88,0.04539767,0.16754150390625
34.9,0.096591376,0.375213623046875
34.92,0.15055701,0.622344970703125
34.94,0.15786453,0.622344970703125
34.96,0.12566371,0.542510986328125
34.98,0.10747246,0.403045654296875
35.0,0.08915333,0.35357666015625
35.02,0.069188796,0.230072021484375
35.04,0.05956837,0.181304931640625
35.06,0.058102407,0.181304931640625
35.08,0.057556357,0.2047119140625
35.1,0.051042948,0.2047119140625
35.12,0.040155906,0.2047119140625
35.14,0.029846681,0.11175537109375
35.16,0.046709213,0.32574462890625
35.18,0.16146198,0.7718505859375
35.2,0.1763775,0.7718505859375
35.22,0.15165994,0.7718505859375
35.24,0.11849681,0.446014404296875
35.26,0.113762915,0.446014404296875
35.28,0.10639913,0.342987060546875
35.3,0.104838304,0.34808349609375
35.32,0.098114535,0.34808349609375
35.34,0.092133366,0.30096435546875
35.36,0.08755493,0.27459716796875
35.38,0.082850926,0.27459716796875
35.4,0.08032999,0.284881591796875
35.42,0.079756156,0.284881591796875
35.44,0.08755763,0.32171630859375
35.46,0.09328471,0.32171630859375
35.48,0.087667264,0.27880859375
35.5,0.06676577,0.24688720703125
35.52,0.044571158,0.144744873046875
35.54,0.035973743,0.134490966796875
35.56,0.031847905,0.08990478515625
35.58,0.029250897,0.086578369140625
35.6,0.059321236,0.2662353515625
35.62,0.07822929,0.32550048828125
35.64,0.08205675,0.32550048828125
35.66,0.07417056,0.24853515625
35.68,0.06768716,0.24853515625
35.7,0.063498944,0.24853515625
35.72,0.16911538,0.78216552734375
35.74,0.19554928,0.78216552734375
35.76,0.18562701,0.78216552734375
35.78,0.122284465,0.41815185546875
35.8,0.11382188,0.41815185546875
35.82,0.09802237,0.33343505859375
35.84,0.08048629,0.31915283203125
35.86,0.06654148,0.20123291015625
35.88,0.08137905,0.333038330078125
35.9,0.080824986,0.333038330078125
35.92,0.0553795,0.253692626953125
35.94,0.049591962,0.174224853515625
35.96,0.04535426,0.12554931640625
35.98,0.05889116,0.343841552734375
36.0,0.11545488,0.467132568359375
36.02,0.13380371,0.467132568359375
36.04,0.11248495,0.39727783203125
36.06,0.09260461,0.39727783203125
36.08,0.07107526,0.22979736328125
36.1,0.069226876,0.22979736328125
36.12,0.07148595,0.23193359375
36.14,0.0750217,0.23193359375
36.16,0.11569449,0.575225830078125
36.18,0.13252611,0.575225830078125
36.2,0.13921347,0.500457763671875
36.22,0.12859431,0.468505859375
36.24,0.11950199,0.334747314453125
36.26,0.16545922,0.89166259765625
36.28,0.18839107,0.89166259765625
36.3,0.18927106,0.89166259765625
36.32,0.1288741,0.515228271484375
36.34,0.11608319,0.44879150390625
36.36,0.102174476,0.304931640625
36.38,0.08983321,0.2802734375
36.4,0.07939814,0.2471923828125
36.42,0.09308386,0.445526123046875
36.44,0.11749731,0.445526123046875
36.46,0.12891757,0.445526123046875
36.48,0.099925384,0.39703369140625
36.5,0.06451567,0.2132568359375
36.52,0.08046576,0.463470458984375
36.54,0.11455498,0.60906982421875
36.56,0.14220306,0.60906982421875
36.58,0.14549282,0.60906982421875
36.6,0.124846414,0.417694091796875
36.62,0.117056206,0.417694091796875
36.64,0.10329223,0.3419189453125
36.66,0.09279762,0.3419189453125
36.68,0.10177683,0.441802978515625
36.7,0.11508607,0.441802978515625
36.72,0.11219841,0.441802978515625
36.74,0.07170702,0.27813720703125
36.76,0.06594525,0.217803955078125
36.78,0.059354864,0.202545166015625
36.8,0.12210881,0.732940673828125
36.82,0.15712905,0.732940673828125
36.84,0.16185836,0.732940673828125
36.86,0.11764813,0.418121337890625
36.88,0.111681744,0.3941650390625
36.9,0.0995561,0.339813232421875
36.92,0.08271436,0.312591552734375
36.94,0.063014165,0.2469482421875
36.96,0.059953477,0.23046875
36.98,0.0548367,0.23046875
37.0,0.04698023,0.221099853515625
37.02,0.033712354,0.114990234375
37.04,0.033255707,0.1055908203125
37.06,0.0425026,0.278564453125
37.08,0.1289292,0.53753662109375
37.1,0.15222254,0.53851318359375
37.12,0.13534802,0.53851318359375
37.14,0.110999815,0.384857177734375
37.16,0.10202774,0.327972412109375
37.18,0.08577742,0.327972412109375
37.2,0.06797322,0.2244873046875
37.22,0.059492208,0.172027587890625
37.24,0.058032215,0.2115478515625
37.26,0.059900004,0.257781982421875
37.28,0.050726514,0.257781982421875
37.3,0.03279398,0.10150146484375
37.32,0.028188726,0.084014892578125
37.34,0.06111589,0.6932373046875
37.36,0.1752331,0.772430419921875
37.38,0.18784706,0.772430419921875
37.4,0.118978664,0.484161376953125
37.42,0.12120489,0.381591796875
37.44,0.10460915,0.358306884765625
37.46,0.08742507,0.328460693359375
37.48,0.070783906,0.27093505859375
37.5,0.05939409,0.21697998046875
37.52,0.05738064,0.23516845703125
37.54,0.0478532,0.23516845703125
37.56,0.026233235,0.124755859375
37.58,0.021544479,0.062469482421875
37.6,0.021975163,0.06787109375
37.62,0.062868394,0.29498291015625
37.64,0.079781234,0.29498291015625
37.66,0.0721882,0.228363037109375
37.68,0.0543852,0.22802734375
37.7,0.046169527,0.22802734375
37.72,0.037931923,0.12841796875
37.74,0.0301555,0.106658935546875
37.76,0.023384977,0.063995361328125
37.78,0.06045646,0.27935791015625
37.8,0.06440048,0.27935791015625
37.82,0.041096784,0.216949462890625
37.84,0.012721472,0.044891357421875
37.86,0.00794685,0.0372314453125
37.88,0.041407898,0.2542724609375
37.9,0.15519597,0.83154296875
37.92,0.20064387,0.83154296875
37.94,0.20324096,0.626312255859375
37.96,0.17571515,0.60552978515625
37.98,0.16651975,0.531341552734375
38.0,0.14795004,0.4356689453125
38.02,0.1286258,0.4356689453125
38.04,0.12055596,0.47003173828125
38.06,0.1277032,0.53106689453125
38.08,0.12372298,0.53106689453125
38.1,0.0937269,0.338287353515625
38.12,0.085060894,0.24688720703125
38.14,0.08324219,0.24688720703125
38.16,0.14090899,0.6566162109375
38.18,0.15003495,0.6566162109375
38.2,0.13958816,0.57012939453125
38.22,0.10721407,0.44549560546875
38.24,0.077139124,0.247039794921875
38.26,0.053778313,0.205322265625
38.28,0.030134408,0.165374755859375
38.3,0.055935867,0.27239990234375
38.32,0.1344832,0.632659912109375
38.34,0.16726097,0.632659912109375
38.36,0.17090791,0.62890625
38.38,0.15853459,0.495697021484375
38.4,0.1458985,0.48406982421875
38.42,0.13238934,0.48406982421875
38.44,0.1860745,0.896881103515625
38.46,0.18083805,0.896881103515625
38.48,0.11825495,0.651275634765625
38.5,0.0864723,0.29248046875
38.52,0.08130476,0.25299072265625
38.54,0.076950334,0.25299072265625
38.56,0.069148414,0.224273681640625
38.58,0.15624432,0.658477783203125
38.6,0.20644401,0.793975830078125
38.62,0.18642245,0.793975830078125
38.64,0.12472628,0.59454345703125
38.66,0.07515694,0.35845947265625
38.68,0.048662484,0.155792236328125
38.7,0.062880725,0.224365234375
38.72,0.071637936,0.25360107421875
38.74,0.06553664,0.25360107421875
38.76,0.0489028,0.15203857421875
38.78,0.046687804,0.15203857421875
38.8,0.045933746,0.15203857421875
38.82,0.042600658,0.126190185546875
38.84,0.039167434,0.126190185546875
38.86,0.061370626,0.2625732421875
38.88,0.06866013,0.2625732421875
38.9,0.059781775,0.232757568359375
38.92,0.046892762,0.134429931640625
38.94,0.04393383,0.1141357421875
38.96,0.04128972,0.116912841796875
38.98,0.1454038,0.752655029296875
39.0,0.19483839,0.752655029296875
39.02,0.19350842,0.7222900390625
39.04,0.1589233,0.7222900390625
39.06,0.12917216,0.40313720703125
39.08,0.11269811,0.3656005859375
39.1,0.097560234,0.3358154296875
39.12,0.08948193,0.268463134765625
39.14,0.08801317,0.310028076171875
39.16,0.08132456,0.310028076171875
39.18,0.06801027,0.2860107421875
39.2,0.05967588,0.184112548828125
39.22,0.057025712,0.172698974609375
39.24,0.08746378,0.42236328125
39.26,0.10155264,0.42236328125
39.28,0.101850644,0.42236328125
39.3,0.06921886,0.286102294921875
39.32,0.057600725,0.261810302734375
39.34,0.050721522,0.1751708984375
39.36,0.04866284,0.158447265625
39.38,0.047374927,0.1490478515625
39.4,0.049253106,0.18206787109375
39.42,0.05931603,0.20843505859375
39.44,0.057915192,0.20843505859375
39.46,0.050903432,0.20843505859375
39.48,0.046075113,0.14190673828125
39.5,0.046557505,0.14190673828125
39.52,0.14659616,0.905914306640625
39.54,0.21708442,0.905914306640625
39.56,0.19835985,0.824310302734375
39.58,0.11326298,0.607666015625
39.6,0.06765922,0.25042724609375
39.62,0.05729636,0.18450927734375
39.64,0.048339684,0.1751708984375
39.66,0.03493928,0.131927490234375
39.68,0.061920743,0.587493896484375
39.7,0.15989679,0.67425537109375
39.72,0.19524787,0.67425537109375
39.74,0.16238688,0.6602783203125
39.76,0.13901407,0.5487060546875
39.78,0.11444926,0.357330322265625
39.8,0.11800207,0.438446044921875
39.82,0.110612825,0.438446044921875
39.84,0.09582883,0.382110595703125
39.86,0.07633939,0.207733154296875
39.88,0.073780425,0.20916748046875
39.9,0.06536104,0.20916748046875
39.92,0.059380755,0.20916748046875
39.94,0.06945715,0.271484375
39.96,0.08192273,0.271484375
39.98,0.07795701,0.271484375
40.0,0.052792322,0.223907470703125
40.02,0.047155827,0.12347412109375
40.04,0.045633063,0.132232666015625
40.06,0.14931507,0.8004150390625
40.08,0.17525144,0.8004150390625
40.1,0.1578799,0.669281005859375
40.12,0.113559075,0.453277587890625
40.14,0.07495025,0.24591064453125
40.16,0.059039272,0.22320556640625
40.18,0.0489301,0.1871337890625
40.2,0.03751314,0.1431884765625
40.22,0.058883265,0.324859619140625
40.24,0.14087263,0.6966552734375
40.26,0.16464707,0.6966552734375
40.28,0.15491681,0.59173583984375
40.3,0.13777998,0.556915283203125
40.32,0.12361951,0.556915283203125
40.34,0.12056431,0.48968505859375
40.36,0.11048104,0.48968505859375
40.38,0.08221393,0.31097412109375
40.4,0.069486,0.19677734375
40.42,0.05911556,0.19677734375
40.44,0.051323213,0.191070556640625
40.46,0.04846138,0.156829833984375
40.48,0.043697,0.145599365234375
40.5,0.04553501,0.182861328125
40.52,0.04275914,0.182861328125
40.54,0.0393832,0.182861328125
40.56,0.033983175,0.0972900390625
40.58,0.03236981,0.078155517578125
40.6,0.054803133,0.313140869140625
40.62,0.19073014,0.762115478515625
40.64,0.22364484,0.762115478515625
40.66,0.19204195,0.594451904296875
40.68,0.18751831,0.662078857421875
40.7,0.18574382,0.662078857421875
40.72,0.15785809,0.6104736328125
40.74,0.13772096,0.39483642578125
40.76,0.12930645,0.438720703125
40.78,0.119790845,0.438720703125
40.8,0.10680805,0.438720703125
40.82,0.09934764,0.30609130859375
40.84,0.099022515,0.30084228515625
40.86,0.096690774,0.30084228515625
40.88,0.117533766,0.402496337890625
40.9,0.119844906,0.402496337890625
40.92,0.09480487,0.29266357421875
40.94,0.08826536,0.257598876953125
40.96,0.08445138,0.2403564453125
40.98,0.07936673,0.25579833984375
41.0,0.08040011,0.25579833984375
41.02,0.10878162,0.497772216796875
41.04,0.1481782,0.550018310546875
41.06,0.14883833,0.550018310546875
41.08,0.10176174,0.385009765625
41.1,0.08233884,0.26202392578125
41.12,0.08100139,0.26202392578125
41.14,0.10926135,0.63519287109375
41.16,0.16514443,0.6383056640625
41.18,0.18814497,0.6383056640625
41.2,0.15684023,0.6383056640625
41.22,0.14158818,0.429595947265625
41.24,0.124944106,0.42498779296875
41.26,0.11031366,0.375
41.28,0.09184305,0.299224853515625
41.3,0.08683729,0.299224853515625
41.32,0.08649292,0.27435302734375
41.34,0.08022816,0.27435302734375
41.36,0.072501615,0.23748779296875
41.38,0.07271413,0.199005126953125
41.4,0.07214,0.199005126953125
41.42,0.12293512,0.543548583984375
41.44,0.15422305,0.543548583984375
41.46,0.14528139,0.530303955078125
41.48,0.12874596,0.42071533203125
41.5,0.12133651,0.381195068359375
41.52,0.10767815,0.3026123046875
41.54,0.0956719,0.268402099609375
41.56,0.09105059,0.36273193359375
41.58,0.08839901,0.36273193359375
41.6,0.08889028,0.276336669921875
41.62,0.0856497,0.276336669921875
41.64,0.079961464,0.234771728515625
41.66,0.0775641,0.245758056640625
41.68,0.07453794,0.256072998046875
41.7,0.1866738,0.8489990234375
41.72,0.2140002,0.8489990234375
41.74,0.17759681,0.690582275390625
41.76,0.15580356,0.557220458984375
41.78,0.14128639,0.537200927734375
41.8,0.13344017,0.388580322265625
41.82,0.13042982,0.4075927734375
41.84,0.1242096,0.4075927734375
41.86,0.1253648,0.419403076171875
41.88,0.115502775,0.419403076171875
41.9,0.105440415,0.336517333984375
41.92,0.10587389,0.30242919921875
41.94,0.10372615,0.323333740234375
41.96,0.10871831,0.398681640625
41.98,0.112477385,0.398681640625
42.0,0.107444815,0.3953857421875
42.02,0.09298198,0.264862060546875
42.04,0.081799015,0.264862060546875
42.06,0.07091525,0.2142333984375
42.08,0.068064295,0.2142333984375
42.1,0.06949894,0.2142333984375
42.12,0.097852334,0.3797607421875
42.14,0.114895426,0.3797607421875
42.16,0.11096592,0.347625732421875
42.18,0.09669741,0.339111328125
42.2,0.091592945,0.32696533203125
42.22,0.08276536,0.272735595703125
42.24,0.1431716,0.645751953125
42.26,0.16347452,0.645751953125
42.28,0.14256068,0.46307373046875
42.3,0.12393881,0.4239501953125
42.32,0.11519253,0.36212158203125
42.34,0.10344767,0.39544677734375
42.36,0.09544864,0.39544677734375
42.38,0.094958976,0.35455322265625
42.4,0.111195885,0.391815185546875
42.42,0.11476352,0.391815185546875
42.44,0.0941367,0.34906005859375
42.46,0.086052254,0.26458740234375
42.48,0.08122646,0.26458740234375
42.5,0.11021913,0.655487060546875
42.52,0.16422093,0.655487060546875
42.54,0.19178592,0.655487060546875
42.56,0.16897084,0.6007080078125
42.58,0.14237502,0.6007080078125
42.6,0.11685173,0.35699462890625
42.62,0.11247675,0.33001708984375
42.64,0.10354717,0.33001708984375
42.66,0.09362457,0.29144287109375
42.68,0.13407351,0.645416259765625
42.7,0.14899117,0.645416259765625
42.72,0.14062354,0.44610595703125
42.74,0.13279578,0.44610595703125
42.76,0.11910497,0.402557373046875
42.78,0.17891459,0.78009033203125
42.8,0.17522338,0.78009033203125
42.82,0.14601181,0.76654052734375
42.84,0.102355964,0.29852294921875
42.86,0.09624156,0.287933349609375
42.88,0.09286543,0.287933349609375
42.9,0.088796854,0.276397705078125
42.92,0.07742364,0.276397705078125
42.94,0.06858156,0.276397705078125
42.96,0.061526313,0.190582275390625
42.98,0.059335396,0.16748046875
43.0,0.057036474,0.157135009765625
43.02,0.053616296,0.157135009765625
43.04,0.058591332,0.292755126953125
43.06,0.1252963,0.629486083984375
43.08,0.1490722,0.629486083984375
43.1,0.1489817,0.629486083984375
43.12,0.14110132,0.57147216796875
43.14,0.12718229,0.504119873046875
43.16,0.10799584,0.334320068359375
43.18,0.09089447,0.257568359375
43.2,0.08701167,0.3656005859375
43.22,0.082464896,0.3656005859375
43.24,0.06862871,0.24658203125
43.26,0.047637522,0.172271728515625
43.28,0.045916326,0.13018798828125
43.3,0.04641321,0.156707763671875
43.32,0.11695579,0.69122314453125
43.34,0.13394809,0.69122314453125
43.36,0.114202924,0.37152099609375
43.38,0.0872418,0.316497802734375
43.4,0.072649084,0.21746826171875
43.42,0.06156939,0.20269775390625
43.44,0.052503183,0.16644287109375
43.46,0.04226489,0.152740478515625
43.48,0.047623094,0.2718505859375
43.5,0.046925817,0.2718505859375
43.52,0.03671829,0.2718505859375
43.54,0.027768463,0.076416015625
43.56,0.03120664,0.103179931640625
43.58,0.06030633,0.3802490234375
43.6,0.12857273,0.47100830078125
43.62,0.15747575,0.511810302734375
43.64,0.1498688,0.511810302734375
43.66,0.11981299,0.391845703125
43.68,0.10299659,0.391845703125
43.7,0.0828157,0.338165283203125
43.72,0.06529751,0.215118408203125
43.74,0.055620622,0.16455078125
43.76,0.056424987,0.221099853515625
43.78,0.055905774,0.221099853515625
43.8,0.044623185,0.188720703125
43.82,0.031029806,0.084136962890625
43.84,0.034414724,0.119049072265625
43.86,0.07721029,0.709625244140625
43.88,0.17420547,0.86773681640625
43.9,0.1892318,0.86773681640625
43.92,0.12608524,0.4349365234375
43.94,0.12119919,0.479156494140625
43.96,0.10883632,0.479156494140625
43.98,0.0957348,0.32196044921875
44.0,0.09041266,0.270599365234375
44.02,0.09071904,0.29266357421875
44.04,0.09096079,0.29266357421875
44.06,0.08662449,0.282989501953125
44.08,0.076690376,0.227142333984375
44.1,0.07532775,0.214996337890625
44.12,0.07677257,0.189910888671875
44.14,0.09030664,0.292877197265625
44.16,0.0905007,0.292877197265625
44.18,0.07260281,0.28204345703125
44.2,0.050502963,0.19122314453125
44.22,0.041054375,0.106414794921875
44.24,0.03678497,0.114776611328125
44.26,0.029880527,0.114776611328125
44.28,0.035486605,0.291015625
44.3,0.06811588,0.291015625
44.32,0.08172054,0.291015625
44.34,0.07560423,0.25372314453125
44.36,0.071716405,0.228607177734375
44.38,0.07112662,0.228607177734375
44.4,0.10808438,0.669830322265625
44.42,0.15314364,0.669830322265625
44.44,0.16974463,0.669830322265625
44.46,0.14115214,0.49896240234375
44.48,0.12004356,0.3944091796875
44.5,0.10863027,0.3944091796875
44.52,0.09415714,0.36346435546875
44.54,0.07400471,0.312225341796875
44.56,0.07996607,0.29461669921875
44.58,0.08368674,0.346923828125
44.6,0.06817725,0.346923828125
44.62,0.045183178,0.1571044921875
44.64,0.040356588,0.131195068359375
44.66,0.037680328,0.100494384765625
44.68,0.10115267,0.488922119140625
44.7,0.12704974,0.5518798828125
44.72,0.124252275,0.5518798828125
44.74,0.094036505,0.30303955078125
44.76,0.087923184,0.30303955078125
44.78,0.080788635,0.2611083984375
44.8,0.07655231,0.2196044921875
44.82,0.07603777,0.247650146484375
44.84,0.07792553,0.320404052734375
44.86,0.13355786,0.53717041015625
44.88,0.14547865,0.53717041015625
44.9,0.1281537,0.51873779296875
44.92,0.11957328,0.38861083984375
44.94,0.107837416,0.33746337890625
44.96,0.17618488,0.774871826171875
44.98,0.18559368,0.774871826171875
45.0,0.13898285,0.75970458984375
45.02,0.11483801,0.423248291015625
45.04,0.10490778,0.394256591796875
45.06,0.097182214,0.374053955078125
45.08,0.088018015,0.3040771484375
45.1,0.07851888,0.3040771484375
45.12,0.101702,0.447967529296875
45.14,0.12059678,0.447967529296875
45.16,0.11351419,0.367950439453125
45.18,0.08445574,0.295135498046875
45.2,0.060969748,0.232757568359375
45.22,0.080493726,0.361053466796875
45.24,0.13281602,0.5587158203125
45.26,0.14409964,0.5587158203125
45.28,0.12445198,0.5115966796875
45.3,0.116567686,0.5115966796875
45.32,0.11121148,0.5115966796875
45.34,0.09866724,0.318389892578125
45.36,0.084282026,0.25640869140625
45.38,0.101684704,0.36358642578125
45.4,0.105779804,0.36358642578125
45.42,0.08378261,0.29638671875
45.44,0.06866853,0.2056884765625
45.46,0.06683027,0.2056884765625
45.48,0.0673369,0.23065185546875
45.5,0.13541816,0.86090087890625
45.52,0.15774639,0.86090087890625
45.54,0.13640663,0.463470458984375
45.56,0.11606246,0.4180908203125
45.58,0.114758,0.4180908203125
45.6,0.10525009,0.4180908203125
45.62,0.090112485,0.339447021484375
45.64,0.08069408,0.277069091796875
45.66,0.07797749,0.285308837890625
45.68,0.0710362,0.285308837890625
45.7,0.053606275,0.15576171875
45.72,0.04972561,0.141937255859375
45.74,0.04683851,0.133514404296875
45.76,0.10034751,0.477325439453125
45.78,0.14118545,0.477325439453125
45.8,0.13596879,0.4647216796875
45.82,0.1139722,0.348114013671875
45.84,0.099709466,0.348114013671875
45.86,0.087877445,0.298492431640625
45.88,0.07557631,0.217254638671875
45.9,0.06465662,0.217254638671875
45.92,0.059883516,0.180694580078125
45.94,0.06507422,0.20343017578125
45.96,0.05784448,0.20343017578125
45.98,0.039334934,0.202117919921875
46.0,0.03017996,0.079193115234375
46.02,0.027070431,0.0823974609375
46.04,0.15213655,0.873443603515625
46.06,0.18997753,0.873443603515625
46.08,0.21000272,0.873443603515625
46.1,0.17363577,0.700653076171875
46.12,0.1756452,0.700653076171875
46.14,0.15691908,0.700653076171875
46.16,0.12341999,0.496124267578125
46.18,0.089096405,0.439727783203125
46.2,0.0936725,0.394622802734375
46.22,0.12215562,0.4046630859375
46.24,0.1429457,0.50018310546875
46.26,0.14600743,0.5877685546875
46.28,0.1393158,0.5877685546875
46.3,0.12946169,0.57470703125
46.32,0.13289577,0.46954345703125
46.34,0.14603643,0.485137939453125
46.36,0.14770316,0.53704833984375
46.38,0.12799717,0.53704833984375
46.4,0.09402611,0.423980712890625
46.42,0.05313547,0.28802490234375
46.44,0.045308243,0.29852294921875
46.46,0.099709645,0.65594482421875
46.48,0.14208455,0.65594482421875
46.5,0.15398414,0.506683349609375
46.52,0.14570232,0.496307373046875
46.54,0.13981459,0.448822021484375
46.56,0.12104397,0.44873046875
46.58,0.13297112,0.610748291015625
46.6,0.1710681,0.610748291015625
46.62,0.18209402,0.610748291015625
46.64,0.16538967,0.565673828125
46.66,0.15756321,0.565673828125
46.68,0.14828904,0.516143798828125
46.7,0.13930301,0.516143798828125
46.72,0.12302107,0.41998291015625
46.74,0.12513965,0.41998291015625
46.76,0.12168446,0.404632568359375
46.78,0.10362672,0.28411865234375
46.8,0.08867407,0.255340576171875
46.82,0.08373723,0.259490966796875
46.84,0.09466879,0.51959228515625
46.86,0.16729793,0.7354736328125
46.88,0.20812275,0.7354736328125
46.9,0.19478819,0.713714599609375
46.92,0.18114851,0.713714599609375
46.94,0.15644251,0.516387939453125
46.96,0.13157097,0.54986572265625
46.98,0.10020593,0.54986572265625
47.0,0.10349234,0.487396240234375
47.02,0.2013745,0.714569091796875
47.04,0.24669503,0.865447998046875
47.06,0.23522463,0.865447998046875
47.08,0.23545498,0.865447998046875
47.1,0.21779701,0.801055908203125
47.12,0.19473754,0.703948974609375
47.14,0.15603912,0.5684814453125
47.16,0.11433793,0.42120361328125
47.18,0.07088419,0.308837890625
47.2,0.042223986,0.1519775390625
47.22,0.031372525,0.107147216796875
47.24,0.021881923,0.1025390625
47.26,0.014746128,0.048126220703125
47.28,0.012030096,0.043792724609375
47.3,0.010217213,0.036773681640625
47.32,0.008311492,0.026519775390625
47.34,0.0074528437,0.021881103515625
47.36,0.0069291247,0.02130126953125
47.38,0.005839614,0.020263671875
47.4,0.0791198,0.3658447265625
47.42,0.10907315,0.391387939453125
47.44,0.102150545,0.391387939453125
47.46,0.08857581,0.391387939453125
47.48,0.07840667,0.2529296875
47.5,0.07335946,0.2529296875
47.52,0.06686532,0.219024658203125
47.54,0.060180373,0.219024658203125
47.56,0.05683866,0.219024658203125
47.58,0.05444147,0.194671630859375
47.6,0.051916007,0.156005859375
47.62,0.04884845,0.12725830078125
47.64,0.044997137,0.122802734375
47.66,0.041172255,0.122802734375
47.68,0.036857687,0.094390869140625
47.7,0.033541627,0.089599609375
47.72,0.031521026,0.08465576171875
47.74,0.02941906,0.076263427734375
47.76,0.027272232,0.077392578125
47.78,0.025511844,0.077392578125
47.8,0.023676302,0.069732666015625
47.82,0.022160152,0.069732666015625
47.84,0.020369919,0.069732666015625
47.86,0.019213865,0.060546875
47.88,0.01816211,0.054290771484375
47.9,0.017364481,0.0533447265625
47.92,0.016648773,0.05291748046875
47.94,0.015573085,0.052276611328125
47.96,0.014698904,0.051971435546875
47.98,0.0139643615,0.0440673828125
48.0,0.013541153,0.0440673828125
48.02,0.013335313,0.0440673828125
48.04,0.013144753,0.046966552734375
48.06,0.012273636,0.046966552734375
48.08,0.010963396,0.042877197265625
48.1,0.010527523,0.04266357421875
48.12,0.0100989165,0.03955078125
48.14,0.00962623,0.03851318359375
48.16,0.008917272,0.033935546875
48.18,0.006693347,0.03070068359375
48.2,0.0073922975,0.064697265625
48.22,0.10236033,0.52880859375
48.24,0.15799004,0.52880859375
48.26,0.18289252,0.592681884765625
48.28,0.17639996,0.592681884765625
48.3,0.14357148,0.529205322265625
48.32,0.09303266,0.478973388671875
48.34,0.047662534,0.20343017578125
48.36,0.12671989,0.5411376953125
48.38,0.17319138,0.670562744140625
48.4,0.17376266,0.670562744140625
48.42,0.15976079,0.670562744140625
48.44,0.13519934,0.510498046875
48.46,0.10150656,0.423370361328125
48.48,0.10960735,0.497467041015625
48.5,0.1464091,0.49957275390625
48.52,0.17290507,0.545379638671875
48.54,0.17062093,0.5537109375
48.56,0.14795198,0.5537109375
48.58,0.11069006,0.43084716796875
48.6,0.09647722,0.441680908203125
48.62,0.11301563,0.441680908203125
48.64,0.14998263,0.49395751953125
48.66,0.16832173,0.593658447265625
48.68,0.17788112,0.593658447265625
48.7,0.18802087,0.7281494140625
48.72,0.19333759,0.7281494140625
48.74,0.18736847,0.650238037109375
48.76,0.18294345,0.650238037109375
48.78,0.15906899,0.623443603515625
48.8,0.103147864,0.4136962890625
48.82,0.058019,0.314605712890625
48.84,0.034848228,0.133209228515625
48.86,0.022772416,0.098358154296875
48.88,0.016109426,0.04412841796875
48.9,0.015260819,0.04345703125
48.92,0.013694041,0.043212890625
48.94,0.012289478,0.04376220703125
48.96,0.011552016,0.04376220703125
48.98,0.010443985,0.032806396484375
49.0,0.075905696,0.532958984375
49.02,0.10323296,0.532958984375
49.04,0.10476459,0.532958984375
49.06,0.034281235,0.16119384765625
49.08,0.02204234,0.067230224609375
49.1,0.015671482,0.067230224609375
49.12,0.008722585,0.03155517578125
49.14,0.0059345234,0.019256591796875
49.16,0.08924034,0.534271240234375
49.18,0.10459935,0.534271240234375
49.2,0.10162658,0.534271240234375
49.22,0.03176686,0.156768798828125
49.24,0.019785969,0.060943603515625
49.26,0.014015549,0.060943603515625
49.28,0.007082203,0.0257568359375
49.3,0.0049409275,0.016387939453125
49.32,0.003695312,0.010528564453125
49.34,0.0026670895,0.009063720703125
49.36,0.002033315,0.006988525390625
49.38,0.0014059595,0.004608154296875
49.4,0.0011842364,0.0037841796875
49.42,0.0011594743,0.00372314453125
49.44,0.0010708724,0.00360107421875
49.46,0.0010128384,0.003631591796875
49.48,0.0009144141,0.003631591796875
49.5,0.00082437415,0.00244140625
49.52,0.00083291484,0.00244140625
49.54,0.02749211,0.352630615234375
49.56,0.17213348,0.6920166015625
49.58,0.1807178,0.6920166015625
49.6,0.086954966,0.331146240234375
49.62,0.06064735,0.231201171875
49.64,0.046160877,0.14788818359375
49.66,0.03494963,0.108001708984375
49.68,0.026372807,0.108001708984375
49.7,0.013252846,0.056610107421875
49.72,0.0074959877,0.030548095703125
49.74,0.0042220484,0.02398681640625
49.76,0.0026850456,0.0115966796875
49.78,0.0015829486,0.0062255859375
49.8,0.0010378397,0.00335693359375
49.82,0.0008032165,0.003082275390625
49.84,0.028664699,0.2301025390625
49.86,0.06550753,0.271148681640625
49.88,0.123798914,0.40460205078125
49.9,0.11148727,0.40460205078125
49.92,0.038489126,0.280303955078125
49.94,0.0062278085,0.014892578125
49.96,0.0052711493,0.014892578125
49.98,0.0033100473,0.0074462890625
50.0,0.0032708333,0.0074462890625
50.02,0.002702826,0.0074462890625
50.04,0.0022142294,0.006805419921875
50.06,0.0021406356,0.006744384765625
50.08,0.0016453037,0.006744384765625
50.1,0.14200763,0.67742919921875
50.12,0.16532694,0.67742919921875
50.14,0.15467933,0.67742919921875
50.16,0.051192634,0.234039306640625
50.18,0.032817457,0.100128173828125
50.2,0.02277115,0.100128173828125
50.22,0.012236759,0.046234130859375
50.24,0.0071828724,0.024688720703125
50.26,0.041706365,0.245361328125
50.28,0.10324735,0.541351318359375
50.3,0.10209457,0.541351318359375
50.32,0.007372172,0.01708984375
50.34,0.003985079,0.00970458984375
50.36,0.0033711747,0.00970458984375
50.38,0.0025941692,0.00787353515625
50.4,0.0024313212,0.00787353515625
50.42,0.0019106255,0.007110595703125
50.44,0.0014858227,0.004730224609375
50.46,0.0015711978,0.004974365234375
50.48,0.0014469152,0.004974365234375
50.5,0.0011352916,0.003662109375
50.52,0.0009613923,0.0028076171875
50.54,0.0008982874,0.003143310546875
50.56,0.0007843803,0.003143310546875
50.58,0.0006516567,0.001983642578125
50.6,0.0006892992,0.002227783203125
50.62,0.0006715146,0.002227783203125
50.64,0.13238268,0.589599609375
50.66,0.14213403,0.589599609375
50.68,0.076244466,0.311737060546875
50.7,0.045162715,0.167205810546875
50.72,0.034480564,0.16229248046875
50.74,0.026454074,0.090087890625
50.76,0.01977394,0.0670166015625
50.78,0.011863976,0.0670166015625
50.8,0.0055470527,0.021209716796875
50.82,0.0031860066,0.014007568359375
50.84,0.0020136288,0.010833740234375
50.86,0.0010919782,0.00384521484375
50.88,0.00062179076,0.002593994140625
50.9,0.00040520498,0.002197265625
50.92,0.00021990882,0.00103759765625
50.94,0.00018905077,0.000640869140625
50.96,0.00016776047,0.00048828125
50.98,0.00017836927,0.000457763671875
51.0,0.00015034733,0.000457763671875
51.02,0.00013184056,0.0003662109375
51.04,0.00014540963,0.0003662109375
51.06,0.00012226579,0.000335693359375
51.08,9.347378e-05,0.000335693359375
51.1,7.553475e-05,0.000244140625
51.12,0.000121934805,0.000335693359375
51.14,0.00014793324,0.000335693359375
51.16,0.00013226135,0.000274658203125
51.18,0.00014649202,0.0003662109375
51.2,0.00018510598,0.0003662109375
51.22,0.00019284111,0.0003662109375
51.24,0.00013912811,0.000244140625
51.26,0.00012419616,0.000244140625
51.28,6.832681e-05,0.00018310546875
51.3,4.6448597e-05,9.1552734375e-05
51.32,4.38969e-05,9.1552734375e-05
51.34,2.7560294e-05,9.1552734375e-05
51.36,8.625288e-06,3.0517578125e-05
51.38,0.0,0.0
51.4,0.0,0.0
51.42,0.0,0.0
51.44,0.0,0.0
51.46,0.0,0.0
51.48,0.0,0.0
51.5,0.0,0.0
51.52,0.0,0.0
51.54,0.0,0.0
51.56,0.0,0.0
51.58,0.0,0.0
51.6,0.0,0.0
51.62,0.0,0.0
51.64,0.0,0.0
51.66,0.0,0.0
51.68,0.0,0.0
51.7,0.0,0.0
51.72,0.0,0.0
51.74,0.0,0.0
51.76,0.0,0.0
51.78,0.0,0.0
51.8,0.0,0.0
51.82,0.0,0.0
51.84,0.0,0.0
51.86,0.0,0.0
51.88,0.0,0.0
51.9,0.0,0.0
51.92,0.0,0.0
51.94,0.0,0.0
51.96,0.0,0.0
51.98,0.0,0.0
52.0,0.0,0.0
52.02,0.0,0.0
52.04,0.0,0.0
52.06,0.0,0.0
52.08,0.0,0.0
52.1,0.0,0.0
52.12,0.0,0.0
52.14,0.0,0.0
52.16,0.0,0.0
52.18,0.0,0.0
52.2,0.0,0.0
52.22,0.0,0.0
52.24,0.0,0.0
52.26,0.0,0.0
52.28,0.0,0.0
52.3,0.0,0.0
52.32,0.0,0.0
52.34,0.0,0.0
52.36,0.0,0.0
52.38,0.0,0.0
52.4,0.0,0.0
52.42,0.0,0.0
52.44,0.0,0.0
